<?xml version="1.0" encoding="UTF-8"?>
<aop>
	<introduction class="ex3.Address">
		<mixin>
			<interfaces>
				ex3.ITrackedObject
			</interfaces>
			<class>ex3.TrackedObjectMixin</class>
			<construction>
				new ex3.TrackedObjectMixin()
			</construction>
		</mixin>
	</introduction>
	
	<pointcut name="SkipTrackedObject" expr="!set(* *.TrackedObjectMixin->*)"/>
	<pointcut name="SetImplementorFields" expr="set(* $instanceof{*.ITrackedObject}->*)"/>
	
	<bind pointcut="SetImplementorFields AND SkipTrackedObject"  >
		<interceptor class="ex3.SetInterceptor" />
	</bind>

	<pointcut name="DaoSaveMethod" expr="execution(public * *.Dao->save(java.lang.Object))"/>
	
	<bind pointcut="DaoSaveMethod">
		<interceptor class="ex3.SaveMethodInterceptor" />
	</bind>
</aop>
