<?xml version="1.0"?>
<testResults>
  <FitNesseVersion>v20090513</FitNesseVersion>
  <rootPath>RpnCalculatorSuite</rootPath>
  
  <result>
    <counts>
      <right>3</right>
      <wrong>0</wrong>
      <ignores>0</ignores>
      <exceptions>0</exceptions>
    </counts>
    <content><![CDATA[<br/><div class="setup">
	<div style="float: right;" class="meta"><a href="javascript:expandAll();">Expand All</a> | <a href="javascript:collapseAll();">Collapse All</a></div>
	<a href="javascript:toggleCollapsable('-2014479155400527217');">
		<img src="/files/images/collapsableClosed.gif" class="left" id="img-2014479155400527217"/>
	</a>
&nbsp;<span class="meta">Set Up: <a href="RpnCalculatorSuite.BinaryOperatorTests.SetUp">.RpnCalculatorSuite.BinaryOperatorTests.SetUp</a> (edit: <a href="RpnCalculatorSuite.BinaryOperatorTests.SetUp?edit&amp;redirectToReferer=true&amp;redirectAction=">locally</a> | <a href="http://localhost:8080/RpnCalculatorSuite.SetUp?responder=edit&amp;redirectToReferer=true&amp;redirectAction=importAndView">remotely</a>)</span>
	<div class="hidden" id="-2014479155400527217"><table border="1" cellspacing="0">
<tr><td>import</td>
</tr>
<tr><td>com.telcordia.cvas.rpn.fixtures</td>
</tr>
</table>
</div>
</div>
<table border="1" cellspacing="0">
<tr><td colspan="4"><span class="pass">Binary Opertor Tests</span></td>
</tr>
<tr><td>operand1</td>
<td>operand2</td>
<td>operator</td>
<td>result?</td>
</tr>
<tr><td>3</td>
<td>5</td>
<td>+</td>
<td><span class="pass">8</span></td>
</tr>
<tr><td>8</td>
<td>3</td>
<td>-</td>
<td><span class="pass">5</span></td>
</tr>
</table>
]]></content>
    <relativePageName>BinaryOperatorTests</relativePageName>
    
        <tables>
            <table>
        <name>import_0</name>
                <row>
                    <col><![CDATA[import]]></col>
          
        </row>
                <row>
                    <col><![CDATA[com.telcordia.cvas.rpn.fixtures]]></col>
          
        </row>
        
      </table>
            <table>
        <name>decisionTable_1</name>
                <row>
                    <col><![CDATA[pass(Binary Opertor Tests)]]></col>
          
        </row>
                <row>
                    <col><![CDATA[operand1]]></col>
                    <col><![CDATA[operand2]]></col>
                    <col><![CDATA[operator]]></col>
                    <col><![CDATA[result?]]></col>
          
        </row>
                <row>
                    <col><![CDATA[3]]></col>
                    <col><![CDATA[5]]></col>
                    <col><![CDATA[+]]></col>
                    <col><![CDATA[pass(8)]]></col>
          
        </row>
                <row>
                    <col><![CDATA[8]]></col>
                    <col><![CDATA[3]]></col>
                    <col><![CDATA[-]]></col>
                    <col><![CDATA[pass(5)]]></col>
          
        </row>
        
      </table>
      
    </tables>
    
    
    <instructions>
            <instructionResult>
        <instruction><![CDATA[[import_0_0, import, com.telcordia.cvas.rpn.fixtures]]]></instruction>
        <slimResult><![CDATA[OK]]></slimResult>
        
      </instructionResult>
            <instructionResult>
        <instruction><![CDATA[[decisionTable_1_0, make, decisionTable_1, BinaryOpertorTests]]]></instruction>
        <slimResult><![CDATA[OK]]></slimResult>
                <expectation>
          <status>right</status>
          <instructionId>decisionTable_1_0</instructionId>
          <col>0</col>
          <row>0</row>
          <type>ConstructionExpectation</type>
                    <actual><![CDATA[OK]]></actual>
                              <expected><![CDATA[Binary Opertor Tests]]></expected>
                              <evaluationMessage><![CDATA[pass(Binary Opertor Tests)]]></evaluationMessage>
                  </expectation>
        
      </instructionResult>
            <instructionResult>
        <instruction><![CDATA[[decisionTable_1_1, call, decisionTable_1, table, [[operand1, operand2, operator, result?], [3, 5, +, 8], [8, 3, -, 5]]]]]></instruction>
        <slimResult><![CDATA[__EXCEPTION__:fitnesse.slim.SlimError: message:<<NO_METHOD_IN_CLASS table[1] com.telcordia.cvas.rpn.fixtures.BinaryOpertorTests.>>
	at fitnesse.slim.StatementExecutor.findMatchingMethod(StatementExecutor.java:246)
	at fitnesse.slim.StatementExecutor.tryToInvokeMethod(StatementExecutor.java:218)
	at fitnesse.slim.StatementExecutor.call(StatementExecutor.java:146)
	at fitnesse.slim.Statement.callMethodAtIndex(Statement.java:97)
	at fitnesse.slim.Statement.call(Statement.java:90)
	at fitnesse.slim.Statement.execute(Statement.java:70)
	at fitnesse.slim.ListExecutor.execute(ListExecutor.java:34)
	at fitnesse.slim.SlimServer.executeInstructions(SlimServer.java:94)
	at fitnesse.slim.SlimServer.processTheInstructions(SlimServer.java:79)
	at fitnesse.slim.SlimServer.processOneSetOfInstructions(SlimServer.java:70)
	at fitnesse.slim.SlimServer.tryProcessInstructions(SlimServer.java:56)
	at fitnesse.slim.SlimServer.serve(SlimServer.java:32)
	at fitnesse.socketservice.SocketService$ServerRunner.run(SocketService.java:88)
	at java.lang.Thread.run(Unknown Source)
]]></slimResult>
        
      </instructionResult>
            <instructionResult>
        <instruction><![CDATA[[decisionTable_1_2, call, decisionTable_1, reset]]]></instruction>
        <slimResult><![CDATA[__EXCEPTION__:fitnesse.slim.SlimError: message:<<NO_METHOD_IN_CLASS reset[0] com.telcordia.cvas.rpn.fixtures.BinaryOpertorTests.>>
	at fitnesse.slim.StatementExecutor.findMatchingMethod(StatementExecutor.java:246)
	at fitnesse.slim.StatementExecutor.tryToInvokeMethod(StatementExecutor.java:218)
	at fitnesse.slim.StatementExecutor.call(StatementExecutor.java:146)
	at fitnesse.slim.Statement.callMethodAtIndex(Statement.java:97)
	at fitnesse.slim.Statement.call(Statement.java:90)
	at fitnesse.slim.Statement.execute(Statement.java:70)
	at fitnesse.slim.ListExecutor.execute(ListExecutor.java:34)
	at fitnesse.slim.SlimServer.executeInstructions(SlimServer.java:94)
	at fitnesse.slim.SlimServer.processTheInstructions(SlimServer.java:79)
	at fitnesse.slim.SlimServer.processOneSetOfInstructions(SlimServer.java:70)
	at fitnesse.slim.SlimServer.tryProcessInstructions(SlimServer.java:56)
	at fitnesse.slim.SlimServer.serve(SlimServer.java:32)
	at fitnesse.socketservice.SocketService$ServerRunner.run(SocketService.java:88)
	at java.lang.Thread.run(Unknown Source)
]]></slimResult>
        
      </instructionResult>
            <instructionResult>
        <instruction><![CDATA[[decisionTable_1_3, call, decisionTable_1, setOperand1, 3]]]></instruction>
        <slimResult><![CDATA[/__VOID__/]]></slimResult>
                <expectation>
          <status>ignored</status>
          <instructionId>decisionTable_1_3</instructionId>
          <col>0</col>
          <row>2</row>
          <type>VoidReturnExpectation</type>
                    <actual><![CDATA[/__VOID__/]]></actual>
                              <expected><![CDATA[3]]></expected>
                              <evaluationMessage><![CDATA[3]]></evaluationMessage>
                  </expectation>
        
      </instructionResult>
            <instructionResult>
        <instruction><![CDATA[[decisionTable_1_4, call, decisionTable_1, setOperand2, 5]]]></instruction>
        <slimResult><![CDATA[/__VOID__/]]></slimResult>
                <expectation>
          <status>ignored</status>
          <instructionId>decisionTable_1_4</instructionId>
          <col>1</col>
          <row>2</row>
          <type>VoidReturnExpectation</type>
                    <actual><![CDATA[/__VOID__/]]></actual>
                              <expected><![CDATA[5]]></expected>
                              <evaluationMessage><![CDATA[5]]></evaluationMessage>
                  </expectation>
        
      </instructionResult>
            <instructionResult>
        <instruction><![CDATA[[decisionTable_1_5, call, decisionTable_1, setOperator, +]]]></instruction>
        <slimResult><![CDATA[/__VOID__/]]></slimResult>
                <expectation>
          <status>ignored</status>
          <instructionId>decisionTable_1_5</instructionId>
          <col>2</col>
          <row>2</row>
          <type>VoidReturnExpectation</type>
                    <actual><![CDATA[/__VOID__/]]></actual>
                              <expected><![CDATA[+]]></expected>
                              <evaluationMessage><![CDATA[+]]></evaluationMessage>
                  </expectation>
        
      </instructionResult>
            <instructionResult>
        <instruction><![CDATA[[decisionTable_1_6, call, decisionTable_1, execute]]]></instruction>
        <slimResult><![CDATA[__EXCEPTION__:fitnesse.slim.SlimError: message:<<NO_METHOD_IN_CLASS execute[0] com.telcordia.cvas.rpn.fixtures.BinaryOpertorTests.>>
	at fitnesse.slim.StatementExecutor.findMatchingMethod(StatementExecutor.java:246)
	at fitnesse.slim.StatementExecutor.tryToInvokeMethod(StatementExecutor.java:218)
	at fitnesse.slim.StatementExecutor.call(StatementExecutor.java:146)
	at fitnesse.slim.Statement.callMethodAtIndex(Statement.java:97)
	at fitnesse.slim.Statement.call(Statement.java:90)
	at fitnesse.slim.Statement.execute(Statement.java:70)
	at fitnesse.slim.ListExecutor.execute(ListExecutor.java:34)
	at fitnesse.slim.SlimServer.executeInstructions(SlimServer.java:94)
	at fitnesse.slim.SlimServer.processTheInstructions(SlimServer.java:79)
	at fitnesse.slim.SlimServer.processOneSetOfInstructions(SlimServer.java:70)
	at fitnesse.slim.SlimServer.tryProcessInstructions(SlimServer.java:56)
	at fitnesse.slim.SlimServer.serve(SlimServer.java:32)
	at fitnesse.socketservice.SocketService$ServerRunner.run(SocketService.java:88)
	at java.lang.Thread.run(Unknown Source)
]]></slimResult>
        
      </instructionResult>
            <instructionResult>
        <instruction><![CDATA[[decisionTable_1_7, call, decisionTable_1, result]]]></instruction>
        <slimResult><![CDATA[8]]></slimResult>
                <expectation>
          <status>right</status>
          <instructionId>decisionTable_1_7</instructionId>
          <col>3</col>
          <row>2</row>
          <type>ReturnedValueExpectation</type>
                    <actual><![CDATA[8]]></actual>
                              <expected><![CDATA[8]]></expected>
                              <evaluationMessage><![CDATA[pass(8)]]></evaluationMessage>
                  </expectation>
        
      </instructionResult>
            <instructionResult>
        <instruction><![CDATA[[decisionTable_1_8, call, decisionTable_1, reset]]]></instruction>
        <slimResult><![CDATA[__EXCEPTION__:fitnesse.slim.SlimError: message:<<NO_METHOD_IN_CLASS reset[0] com.telcordia.cvas.rpn.fixtures.BinaryOpertorTests.>>
	at fitnesse.slim.StatementExecutor.findMatchingMethod(StatementExecutor.java:246)
	at fitnesse.slim.StatementExecutor.tryToInvokeMethod(StatementExecutor.java:218)
	at fitnesse.slim.StatementExecutor.call(StatementExecutor.java:146)
	at fitnesse.slim.Statement.callMethodAtIndex(Statement.java:97)
	at fitnesse.slim.Statement.call(Statement.java:90)
	at fitnesse.slim.Statement.execute(Statement.java:70)
	at fitnesse.slim.ListExecutor.execute(ListExecutor.java:34)
	at fitnesse.slim.SlimServer.executeInstructions(SlimServer.java:94)
	at fitnesse.slim.SlimServer.processTheInstructions(SlimServer.java:79)
	at fitnesse.slim.SlimServer.processOneSetOfInstructions(SlimServer.java:70)
	at fitnesse.slim.SlimServer.tryProcessInstructions(SlimServer.java:56)
	at fitnesse.slim.SlimServer.serve(SlimServer.java:32)
	at fitnesse.socketservice.SocketService$ServerRunner.run(SocketService.java:88)
	at java.lang.Thread.run(Unknown Source)
]]></slimResult>
        
      </instructionResult>
            <instructionResult>
        <instruction><![CDATA[[decisionTable_1_9, call, decisionTable_1, setOperand1, 8]]]></instruction>
        <slimResult><![CDATA[/__VOID__/]]></slimResult>
                <expectation>
          <status>ignored</status>
          <instructionId>decisionTable_1_9</instructionId>
          <col>0</col>
          <row>3</row>
          <type>VoidReturnExpectation</type>
                    <actual><![CDATA[/__VOID__/]]></actual>
                              <expected><![CDATA[8]]></expected>
                              <evaluationMessage><![CDATA[8]]></evaluationMessage>
                  </expectation>
        
      </instructionResult>
            <instructionResult>
        <instruction><![CDATA[[decisionTable_1_10, call, decisionTable_1, setOperand2, 3]]]></instruction>
        <slimResult><![CDATA[/__VOID__/]]></slimResult>
                <expectation>
          <status>ignored</status>
          <instructionId>decisionTable_1_10</instructionId>
          <col>1</col>
          <row>3</row>
          <type>VoidReturnExpectation</type>
                    <actual><![CDATA[/__VOID__/]]></actual>
                              <expected><![CDATA[3]]></expected>
                              <evaluationMessage><![CDATA[3]]></evaluationMessage>
                  </expectation>
        
      </instructionResult>
            <instructionResult>
        <instruction><![CDATA[[decisionTable_1_11, call, decisionTable_1, setOperator, -]]]></instruction>
        <slimResult><![CDATA[/__VOID__/]]></slimResult>
                <expectation>
          <status>ignored</status>
          <instructionId>decisionTable_1_11</instructionId>
          <col>2</col>
          <row>3</row>
          <type>VoidReturnExpectation</type>
                    <actual><![CDATA[/__VOID__/]]></actual>
                              <expected><![CDATA[-]]></expected>
                              <evaluationMessage><![CDATA[-]]></evaluationMessage>
                  </expectation>
        
      </instructionResult>
            <instructionResult>
        <instruction><![CDATA[[decisionTable_1_12, call, decisionTable_1, execute]]]></instruction>
        <slimResult><![CDATA[__EXCEPTION__:fitnesse.slim.SlimError: message:<<NO_METHOD_IN_CLASS execute[0] com.telcordia.cvas.rpn.fixtures.BinaryOpertorTests.>>
	at fitnesse.slim.StatementExecutor.findMatchingMethod(StatementExecutor.java:246)
	at fitnesse.slim.StatementExecutor.tryToInvokeMethod(StatementExecutor.java:218)
	at fitnesse.slim.StatementExecutor.call(StatementExecutor.java:146)
	at fitnesse.slim.Statement.callMethodAtIndex(Statement.java:97)
	at fitnesse.slim.Statement.call(Statement.java:90)
	at fitnesse.slim.Statement.execute(Statement.java:70)
	at fitnesse.slim.ListExecutor.execute(ListExecutor.java:34)
	at fitnesse.slim.SlimServer.executeInstructions(SlimServer.java:94)
	at fitnesse.slim.SlimServer.processTheInstructions(SlimServer.java:79)
	at fitnesse.slim.SlimServer.processOneSetOfInstructions(SlimServer.java:70)
	at fitnesse.slim.SlimServer.tryProcessInstructions(SlimServer.java:56)
	at fitnesse.slim.SlimServer.serve(SlimServer.java:32)
	at fitnesse.socketservice.SocketService$ServerRunner.run(SocketService.java:88)
	at java.lang.Thread.run(Unknown Source)
]]></slimResult>
        
      </instructionResult>
            <instructionResult>
        <instruction><![CDATA[[decisionTable_1_13, call, decisionTable_1, result]]]></instruction>
        <slimResult><![CDATA[5]]></slimResult>
                <expectation>
          <status>right</status>
          <instructionId>decisionTable_1_13</instructionId>
          <col>3</col>
          <row>3</row>
          <type>ReturnedValueExpectation</type>
                    <actual><![CDATA[5]]></actual>
                              <expected><![CDATA[5]]></expected>
                              <evaluationMessage><![CDATA[pass(5)]]></evaluationMessage>
                  </expectation>
        
      </instructionResult>
      
    </instructions>
    
  </result>
  
  <result>
    <counts>
      <right>3</right>
      <wrong>0</wrong>
      <ignores>0</ignores>
      <exceptions>0</exceptions>
    </counts>
    <content><![CDATA[<br/><div class="setup">
	<div style="float: right;" class="meta"><a href="javascript:expandAll();">Expand All</a> | <a href="javascript:collapseAll();">Collapse All</a></div>
	<a href="javascript:toggleCollapsable('7216917175367095967');">
		<img src="/files/images/collapsableClosed.gif" class="left" id="img7216917175367095967"/>
	</a>
&nbsp;<span class="meta">Set Up: <a href="RpnCalculatorSuite.BinaryOperatorTests.BinaryOperatorTests.SetUp">.RpnCalculatorSuite.BinaryOperatorTests.BinaryOperatorTests.SetUp</a> (edit: <a href="RpnCalculatorSuite.BinaryOperatorTests.BinaryOperatorTests.SetUp?edit&amp;redirectToReferer=true&amp;redirectAction=">locally</a> | <a href="http://localhost:8080/RpnCalculatorSuite.BinaryOperatorTests.SetUp?responder=edit&amp;redirectToReferer=true&amp;redirectAction=importAndView">remotely</a>)</span>
	<div class="hidden" id="7216917175367095967"><table border="1" cellspacing="0">
<tr><td>import</td>
</tr>
<tr><td>com.telcordia.cvas.rpn.fixtures</td>
</tr>
</table>
</div>
</div>
<table border="1" cellspacing="0">
<tr><td colspan="4"><span class="pass">Binary Opertor Tests</span></td>
</tr>
<tr><td>operand1</td>
<td>operand2</td>
<td>operator</td>
<td>result?</td>
</tr>
<tr><td>3</td>
<td>5</td>
<td>+</td>
<td><span class="pass">8</span></td>
</tr>
<tr><td>8</td>
<td>3</td>
<td>-</td>
<td><span class="pass">5</span></td>
</tr>
</table>
]]></content>
    <relativePageName>BinaryOperatorTests.BinaryOperatorTests</relativePageName>
    
        <tables>
            <table>
        <name>import_0</name>
                <row>
                    <col><![CDATA[import]]></col>
          
        </row>
                <row>
                    <col><![CDATA[com.telcordia.cvas.rpn.fixtures]]></col>
          
        </row>
        
      </table>
            <table>
        <name>decisionTable_1</name>
                <row>
                    <col><![CDATA[pass(Binary Opertor Tests)]]></col>
          
        </row>
                <row>
                    <col><![CDATA[operand1]]></col>
                    <col><![CDATA[operand2]]></col>
                    <col><![CDATA[operator]]></col>
                    <col><![CDATA[result?]]></col>
          
        </row>
                <row>
                    <col><![CDATA[3]]></col>
                    <col><![CDATA[5]]></col>
                    <col><![CDATA[+]]></col>
                    <col><![CDATA[pass(8)]]></col>
          
        </row>
                <row>
                    <col><![CDATA[8]]></col>
                    <col><![CDATA[3]]></col>
                    <col><![CDATA[-]]></col>
                    <col><![CDATA[pass(5)]]></col>
          
        </row>
        
      </table>
      
    </tables>
    
    
    <instructions>
            <instructionResult>
        <instruction><![CDATA[[import_0_0, import, com.telcordia.cvas.rpn.fixtures]]]></instruction>
        <slimResult><![CDATA[OK]]></slimResult>
        
      </instructionResult>
            <instructionResult>
        <instruction><![CDATA[[decisionTable_1_0, make, decisionTable_1, BinaryOpertorTests]]]></instruction>
        <slimResult><![CDATA[OK]]></slimResult>
                <expectation>
          <status>right</status>
          <instructionId>decisionTable_1_0</instructionId>
          <col>0</col>
          <row>0</row>
          <type>ConstructionExpectation</type>
                    <actual><![CDATA[OK]]></actual>
                              <expected><![CDATA[Binary Opertor Tests]]></expected>
                              <evaluationMessage><![CDATA[pass(Binary Opertor Tests)]]></evaluationMessage>
                  </expectation>
        
      </instructionResult>
            <instructionResult>
        <instruction><![CDATA[[decisionTable_1_1, call, decisionTable_1, table, [[operand1, operand2, operator, result?], [3, 5, +, 8], [8, 3, -, 5]]]]]></instruction>
        <slimResult><![CDATA[__EXCEPTION__:fitnesse.slim.SlimError: message:<<NO_METHOD_IN_CLASS table[1] com.telcordia.cvas.rpn.fixtures.BinaryOpertorTests.>>
	at fitnesse.slim.StatementExecutor.findMatchingMethod(StatementExecutor.java:246)
	at fitnesse.slim.StatementExecutor.tryToInvokeMethod(StatementExecutor.java:218)
	at fitnesse.slim.StatementExecutor.call(StatementExecutor.java:146)
	at fitnesse.slim.Statement.callMethodAtIndex(Statement.java:97)
	at fitnesse.slim.Statement.call(Statement.java:90)
	at fitnesse.slim.Statement.execute(Statement.java:70)
	at fitnesse.slim.ListExecutor.execute(ListExecutor.java:34)
	at fitnesse.slim.SlimServer.executeInstructions(SlimServer.java:94)
	at fitnesse.slim.SlimServer.processTheInstructions(SlimServer.java:79)
	at fitnesse.slim.SlimServer.processOneSetOfInstructions(SlimServer.java:70)
	at fitnesse.slim.SlimServer.tryProcessInstructions(SlimServer.java:56)
	at fitnesse.slim.SlimServer.serve(SlimServer.java:32)
	at fitnesse.socketservice.SocketService$ServerRunner.run(SocketService.java:88)
	at java.lang.Thread.run(Unknown Source)
]]></slimResult>
        
      </instructionResult>
            <instructionResult>
        <instruction><![CDATA[[decisionTable_1_2, call, decisionTable_1, reset]]]></instruction>
        <slimResult><![CDATA[__EXCEPTION__:fitnesse.slim.SlimError: message:<<NO_METHOD_IN_CLASS reset[0] com.telcordia.cvas.rpn.fixtures.BinaryOpertorTests.>>
	at fitnesse.slim.StatementExecutor.findMatchingMethod(StatementExecutor.java:246)
	at fitnesse.slim.StatementExecutor.tryToInvokeMethod(StatementExecutor.java:218)
	at fitnesse.slim.StatementExecutor.call(StatementExecutor.java:146)
	at fitnesse.slim.Statement.callMethodAtIndex(Statement.java:97)
	at fitnesse.slim.Statement.call(Statement.java:90)
	at fitnesse.slim.Statement.execute(Statement.java:70)
	at fitnesse.slim.ListExecutor.execute(ListExecutor.java:34)
	at fitnesse.slim.SlimServer.executeInstructions(SlimServer.java:94)
	at fitnesse.slim.SlimServer.processTheInstructions(SlimServer.java:79)
	at fitnesse.slim.SlimServer.processOneSetOfInstructions(SlimServer.java:70)
	at fitnesse.slim.SlimServer.tryProcessInstructions(SlimServer.java:56)
	at fitnesse.slim.SlimServer.serve(SlimServer.java:32)
	at fitnesse.socketservice.SocketService$ServerRunner.run(SocketService.java:88)
	at java.lang.Thread.run(Unknown Source)
]]></slimResult>
        
      </instructionResult>
            <instructionResult>
        <instruction><![CDATA[[decisionTable_1_3, call, decisionTable_1, setOperand1, 3]]]></instruction>
        <slimResult><![CDATA[/__VOID__/]]></slimResult>
                <expectation>
          <status>ignored</status>
          <instructionId>decisionTable_1_3</instructionId>
          <col>0</col>
          <row>2</row>
          <type>VoidReturnExpectation</type>
                    <actual><![CDATA[/__VOID__/]]></actual>
                              <expected><![CDATA[3]]></expected>
                              <evaluationMessage><![CDATA[3]]></evaluationMessage>
                  </expectation>
        
      </instructionResult>
            <instructionResult>
        <instruction><![CDATA[[decisionTable_1_4, call, decisionTable_1, setOperand2, 5]]]></instruction>
        <slimResult><![CDATA[/__VOID__/]]></slimResult>
                <expectation>
          <status>ignored</status>
          <instructionId>decisionTable_1_4</instructionId>
          <col>1</col>
          <row>2</row>
          <type>VoidReturnExpectation</type>
                    <actual><![CDATA[/__VOID__/]]></actual>
                              <expected><![CDATA[5]]></expected>
                              <evaluationMessage><![CDATA[5]]></evaluationMessage>
                  </expectation>
        
      </instructionResult>
            <instructionResult>
        <instruction><![CDATA[[decisionTable_1_5, call, decisionTable_1, setOperator, +]]]></instruction>
        <slimResult><![CDATA[/__VOID__/]]></slimResult>
                <expectation>
          <status>ignored</status>
          <instructionId>decisionTable_1_5</instructionId>
          <col>2</col>
          <row>2</row>
          <type>VoidReturnExpectation</type>
                    <actual><![CDATA[/__VOID__/]]></actual>
                              <expected><![CDATA[+]]></expected>
                              <evaluationMessage><![CDATA[+]]></evaluationMessage>
                  </expectation>
        
      </instructionResult>
            <instructionResult>
        <instruction><![CDATA[[decisionTable_1_6, call, decisionTable_1, execute]]]></instruction>
        <slimResult><![CDATA[__EXCEPTION__:fitnesse.slim.SlimError: message:<<NO_METHOD_IN_CLASS execute[0] com.telcordia.cvas.rpn.fixtures.BinaryOpertorTests.>>
	at fitnesse.slim.StatementExecutor.findMatchingMethod(StatementExecutor.java:246)
	at fitnesse.slim.StatementExecutor.tryToInvokeMethod(StatementExecutor.java:218)
	at fitnesse.slim.StatementExecutor.call(StatementExecutor.java:146)
	at fitnesse.slim.Statement.callMethodAtIndex(Statement.java:97)
	at fitnesse.slim.Statement.call(Statement.java:90)
	at fitnesse.slim.Statement.execute(Statement.java:70)
	at fitnesse.slim.ListExecutor.execute(ListExecutor.java:34)
	at fitnesse.slim.SlimServer.executeInstructions(SlimServer.java:94)
	at fitnesse.slim.SlimServer.processTheInstructions(SlimServer.java:79)
	at fitnesse.slim.SlimServer.processOneSetOfInstructions(SlimServer.java:70)
	at fitnesse.slim.SlimServer.tryProcessInstructions(SlimServer.java:56)
	at fitnesse.slim.SlimServer.serve(SlimServer.java:32)
	at fitnesse.socketservice.SocketService$ServerRunner.run(SocketService.java:88)
	at java.lang.Thread.run(Unknown Source)
]]></slimResult>
        
      </instructionResult>
            <instructionResult>
        <instruction><![CDATA[[decisionTable_1_7, call, decisionTable_1, result]]]></instruction>
        <slimResult><![CDATA[8]]></slimResult>
                <expectation>
          <status>right</status>
          <instructionId>decisionTable_1_7</instructionId>
          <col>3</col>
          <row>2</row>
          <type>ReturnedValueExpectation</type>
                    <actual><![CDATA[8]]></actual>
                              <expected><![CDATA[8]]></expected>
                              <evaluationMessage><![CDATA[pass(8)]]></evaluationMessage>
                  </expectation>
        
      </instructionResult>
            <instructionResult>
        <instruction><![CDATA[[decisionTable_1_8, call, decisionTable_1, reset]]]></instruction>
        <slimResult><![CDATA[__EXCEPTION__:fitnesse.slim.SlimError: message:<<NO_METHOD_IN_CLASS reset[0] com.telcordia.cvas.rpn.fixtures.BinaryOpertorTests.>>
	at fitnesse.slim.StatementExecutor.findMatchingMethod(StatementExecutor.java:246)
	at fitnesse.slim.StatementExecutor.tryToInvokeMethod(StatementExecutor.java:218)
	at fitnesse.slim.StatementExecutor.call(StatementExecutor.java:146)
	at fitnesse.slim.Statement.callMethodAtIndex(Statement.java:97)
	at fitnesse.slim.Statement.call(Statement.java:90)
	at fitnesse.slim.Statement.execute(Statement.java:70)
	at fitnesse.slim.ListExecutor.execute(ListExecutor.java:34)
	at fitnesse.slim.SlimServer.executeInstructions(SlimServer.java:94)
	at fitnesse.slim.SlimServer.processTheInstructions(SlimServer.java:79)
	at fitnesse.slim.SlimServer.processOneSetOfInstructions(SlimServer.java:70)
	at fitnesse.slim.SlimServer.tryProcessInstructions(SlimServer.java:56)
	at fitnesse.slim.SlimServer.serve(SlimServer.java:32)
	at fitnesse.socketservice.SocketService$ServerRunner.run(SocketService.java:88)
	at java.lang.Thread.run(Unknown Source)
]]></slimResult>
        
      </instructionResult>
            <instructionResult>
        <instruction><![CDATA[[decisionTable_1_9, call, decisionTable_1, setOperand1, 8]]]></instruction>
        <slimResult><![CDATA[/__VOID__/]]></slimResult>
                <expectation>
          <status>ignored</status>
          <instructionId>decisionTable_1_9</instructionId>
          <col>0</col>
          <row>3</row>
          <type>VoidReturnExpectation</type>
                    <actual><![CDATA[/__VOID__/]]></actual>
                              <expected><![CDATA[8]]></expected>
                              <evaluationMessage><![CDATA[8]]></evaluationMessage>
                  </expectation>
        
      </instructionResult>
            <instructionResult>
        <instruction><![CDATA[[decisionTable_1_10, call, decisionTable_1, setOperand2, 3]]]></instruction>
        <slimResult><![CDATA[/__VOID__/]]></slimResult>
                <expectation>
          <status>ignored</status>
          <instructionId>decisionTable_1_10</instructionId>
          <col>1</col>
          <row>3</row>
          <type>VoidReturnExpectation</type>
                    <actual><![CDATA[/__VOID__/]]></actual>
                              <expected><![CDATA[3]]></expected>
                              <evaluationMessage><![CDATA[3]]></evaluationMessage>
                  </expectation>
        
      </instructionResult>
            <instructionResult>
        <instruction><![CDATA[[decisionTable_1_11, call, decisionTable_1, setOperator, -]]]></instruction>
        <slimResult><![CDATA[/__VOID__/]]></slimResult>
                <expectation>
          <status>ignored</status>
          <instructionId>decisionTable_1_11</instructionId>
          <col>2</col>
          <row>3</row>
          <type>VoidReturnExpectation</type>
                    <actual><![CDATA[/__VOID__/]]></actual>
                              <expected><![CDATA[-]]></expected>
                              <evaluationMessage><![CDATA[-]]></evaluationMessage>
                  </expectation>
        
      </instructionResult>
            <instructionResult>
        <instruction><![CDATA[[decisionTable_1_12, call, decisionTable_1, execute]]]></instruction>
        <slimResult><![CDATA[__EXCEPTION__:fitnesse.slim.SlimError: message:<<NO_METHOD_IN_CLASS execute[0] com.telcordia.cvas.rpn.fixtures.BinaryOpertorTests.>>
	at fitnesse.slim.StatementExecutor.findMatchingMethod(StatementExecutor.java:246)
	at fitnesse.slim.StatementExecutor.tryToInvokeMethod(StatementExecutor.java:218)
	at fitnesse.slim.StatementExecutor.call(StatementExecutor.java:146)
	at fitnesse.slim.Statement.callMethodAtIndex(Statement.java:97)
	at fitnesse.slim.Statement.call(Statement.java:90)
	at fitnesse.slim.Statement.execute(Statement.java:70)
	at fitnesse.slim.ListExecutor.execute(ListExecutor.java:34)
	at fitnesse.slim.SlimServer.executeInstructions(SlimServer.java:94)
	at fitnesse.slim.SlimServer.processTheInstructions(SlimServer.java:79)
	at fitnesse.slim.SlimServer.processOneSetOfInstructions(SlimServer.java:70)
	at fitnesse.slim.SlimServer.tryProcessInstructions(SlimServer.java:56)
	at fitnesse.slim.SlimServer.serve(SlimServer.java:32)
	at fitnesse.socketservice.SocketService$ServerRunner.run(SocketService.java:88)
	at java.lang.Thread.run(Unknown Source)
]]></slimResult>
        
      </instructionResult>
            <instructionResult>
        <instruction><![CDATA[[decisionTable_1_13, call, decisionTable_1, result]]]></instruction>
        <slimResult><![CDATA[5]]></slimResult>
                <expectation>
          <status>right</status>
          <instructionId>decisionTable_1_13</instructionId>
          <col>3</col>
          <row>3</row>
          <type>ReturnedValueExpectation</type>
                    <actual><![CDATA[5]]></actual>
                              <expected><![CDATA[5]]></expected>
                              <evaluationMessage><![CDATA[pass(5)]]></evaluationMessage>
                  </expectation>
        
      </instructionResult>
      
    </instructions>
    
  </result>
  
  <result>
    <counts>
      <right>3</right>
      <wrong>0</wrong>
      <ignores>0</ignores>
      <exceptions>0</exceptions>
    </counts>
    <content><![CDATA[<br/><div class="setup">
	<div style="float: right;" class="meta"><a href="javascript:expandAll();">Expand All</a> | <a href="javascript:collapseAll();">Collapse All</a></div>
	<a href="javascript:toggleCollapsable('305769328196150437');">
		<img src="/files/images/collapsableClosed.gif" class="left" id="img305769328196150437"/>
	</a>
&nbsp;<span class="meta">Set Up: <a href="RpnCalculatorSuite.BinaryOperatorTests.BinaryOperatorTests.SetUp">.RpnCalculatorSuite.BinaryOperatorTests.BinaryOperatorTests.SetUp</a> (edit: <a href="RpnCalculatorSuite.BinaryOperatorTests.BinaryOperatorTests.SetUp?edit&amp;redirectToReferer=true&amp;redirectAction=">locally</a> | <a href="http://localhost:8080/RpnCalculatorSuite.BinaryOperatorTests.SetUp?responder=edit&amp;redirectToReferer=true&amp;redirectAction=importAndView">remotely</a>)</span>
	<div class="hidden" id="305769328196150437"><table border="1" cellspacing="0">
<tr><td>import</td>
</tr>
<tr><td>com.telcordia.cvas.rpn.fixtures</td>
</tr>
</table>
</div>
</div>
<table border="1" cellspacing="0">
<tr><td colspan="4"><span class="pass">Binary Opertor Tests</span></td>
</tr>
<tr><td>operand1</td>
<td>operand2</td>
<td>operator</td>
<td>result?</td>
</tr>
<tr><td>3</td>
<td>5</td>
<td>+</td>
<td><span class="pass">8</span></td>
</tr>
<tr><td>8</td>
<td>3</td>
<td>-</td>
<td><span class="pass">5</span></td>
</tr>
</table>
]]></content>
    <relativePageName>BinaryOperatorTests.BinaryOperatorTests.BinaryOperatorTests</relativePageName>
    
        <tables>
            <table>
        <name>import_0</name>
                <row>
                    <col><![CDATA[import]]></col>
          
        </row>
                <row>
                    <col><![CDATA[com.telcordia.cvas.rpn.fixtures]]></col>
          
        </row>
        
      </table>
            <table>
        <name>decisionTable_1</name>
                <row>
                    <col><![CDATA[pass(Binary Opertor Tests)]]></col>
          
        </row>
                <row>
                    <col><![CDATA[operand1]]></col>
                    <col><![CDATA[operand2]]></col>
                    <col><![CDATA[operator]]></col>
                    <col><![CDATA[result?]]></col>
          
        </row>
                <row>
                    <col><![CDATA[3]]></col>
                    <col><![CDATA[5]]></col>
                    <col><![CDATA[+]]></col>
                    <col><![CDATA[pass(8)]]></col>
          
        </row>
                <row>
                    <col><![CDATA[8]]></col>
                    <col><![CDATA[3]]></col>
                    <col><![CDATA[-]]></col>
                    <col><![CDATA[pass(5)]]></col>
          
        </row>
        
      </table>
      
    </tables>
    
    
    <instructions>
            <instructionResult>
        <instruction><![CDATA[[import_0_0, import, com.telcordia.cvas.rpn.fixtures]]]></instruction>
        <slimResult><![CDATA[OK]]></slimResult>
        
      </instructionResult>
            <instructionResult>
        <instruction><![CDATA[[decisionTable_1_0, make, decisionTable_1, BinaryOpertorTests]]]></instruction>
        <slimResult><![CDATA[OK]]></slimResult>
                <expectation>
          <status>right</status>
          <instructionId>decisionTable_1_0</instructionId>
          <col>0</col>
          <row>0</row>
          <type>ConstructionExpectation</type>
                    <actual><![CDATA[OK]]></actual>
                              <expected><![CDATA[Binary Opertor Tests]]></expected>
                              <evaluationMessage><![CDATA[pass(Binary Opertor Tests)]]></evaluationMessage>
                  </expectation>
        
      </instructionResult>
            <instructionResult>
        <instruction><![CDATA[[decisionTable_1_1, call, decisionTable_1, table, [[operand1, operand2, operator, result?], [3, 5, +, 8], [8, 3, -, 5]]]]]></instruction>
        <slimResult><![CDATA[__EXCEPTION__:fitnesse.slim.SlimError: message:<<NO_METHOD_IN_CLASS table[1] com.telcordia.cvas.rpn.fixtures.BinaryOpertorTests.>>
	at fitnesse.slim.StatementExecutor.findMatchingMethod(StatementExecutor.java:246)
	at fitnesse.slim.StatementExecutor.tryToInvokeMethod(StatementExecutor.java:218)
	at fitnesse.slim.StatementExecutor.call(StatementExecutor.java:146)
	at fitnesse.slim.Statement.callMethodAtIndex(Statement.java:97)
	at fitnesse.slim.Statement.call(Statement.java:90)
	at fitnesse.slim.Statement.execute(Statement.java:70)
	at fitnesse.slim.ListExecutor.execute(ListExecutor.java:34)
	at fitnesse.slim.SlimServer.executeInstructions(SlimServer.java:94)
	at fitnesse.slim.SlimServer.processTheInstructions(SlimServer.java:79)
	at fitnesse.slim.SlimServer.processOneSetOfInstructions(SlimServer.java:70)
	at fitnesse.slim.SlimServer.tryProcessInstructions(SlimServer.java:56)
	at fitnesse.slim.SlimServer.serve(SlimServer.java:32)
	at fitnesse.socketservice.SocketService$ServerRunner.run(SocketService.java:88)
	at java.lang.Thread.run(Unknown Source)
]]></slimResult>
        
      </instructionResult>
            <instructionResult>
        <instruction><![CDATA[[decisionTable_1_2, call, decisionTable_1, reset]]]></instruction>
        <slimResult><![CDATA[__EXCEPTION__:fitnesse.slim.SlimError: message:<<NO_METHOD_IN_CLASS reset[0] com.telcordia.cvas.rpn.fixtures.BinaryOpertorTests.>>
	at fitnesse.slim.StatementExecutor.findMatchingMethod(StatementExecutor.java:246)
	at fitnesse.slim.StatementExecutor.tryToInvokeMethod(StatementExecutor.java:218)
	at fitnesse.slim.StatementExecutor.call(StatementExecutor.java:146)
	at fitnesse.slim.Statement.callMethodAtIndex(Statement.java:97)
	at fitnesse.slim.Statement.call(Statement.java:90)
	at fitnesse.slim.Statement.execute(Statement.java:70)
	at fitnesse.slim.ListExecutor.execute(ListExecutor.java:34)
	at fitnesse.slim.SlimServer.executeInstructions(SlimServer.java:94)
	at fitnesse.slim.SlimServer.processTheInstructions(SlimServer.java:79)
	at fitnesse.slim.SlimServer.processOneSetOfInstructions(SlimServer.java:70)
	at fitnesse.slim.SlimServer.tryProcessInstructions(SlimServer.java:56)
	at fitnesse.slim.SlimServer.serve(SlimServer.java:32)
	at fitnesse.socketservice.SocketService$ServerRunner.run(SocketService.java:88)
	at java.lang.Thread.run(Unknown Source)
]]></slimResult>
        
      </instructionResult>
            <instructionResult>
        <instruction><![CDATA[[decisionTable_1_3, call, decisionTable_1, setOperand1, 3]]]></instruction>
        <slimResult><![CDATA[/__VOID__/]]></slimResult>
                <expectation>
          <status>ignored</status>
          <instructionId>decisionTable_1_3</instructionId>
          <col>0</col>
          <row>2</row>
          <type>VoidReturnExpectation</type>
                    <actual><![CDATA[/__VOID__/]]></actual>
                              <expected><![CDATA[3]]></expected>
                              <evaluationMessage><![CDATA[3]]></evaluationMessage>
                  </expectation>
        
      </instructionResult>
            <instructionResult>
        <instruction><![CDATA[[decisionTable_1_4, call, decisionTable_1, setOperand2, 5]]]></instruction>
        <slimResult><![CDATA[/__VOID__/]]></slimResult>
                <expectation>
          <status>ignored</status>
          <instructionId>decisionTable_1_4</instructionId>
          <col>1</col>
          <row>2</row>
          <type>VoidReturnExpectation</type>
                    <actual><![CDATA[/__VOID__/]]></actual>
                              <expected><![CDATA[5]]></expected>
                              <evaluationMessage><![CDATA[5]]></evaluationMessage>
                  </expectation>
        
      </instructionResult>
            <instructionResult>
        <instruction><![CDATA[[decisionTable_1_5, call, decisionTable_1, setOperator, +]]]></instruction>
        <slimResult><![CDATA[/__VOID__/]]></slimResult>
                <expectation>
          <status>ignored</status>
          <instructionId>decisionTable_1_5</instructionId>
          <col>2</col>
          <row>2</row>
          <type>VoidReturnExpectation</type>
                    <actual><![CDATA[/__VOID__/]]></actual>
                              <expected><![CDATA[+]]></expected>
                              <evaluationMessage><![CDATA[+]]></evaluationMessage>
                  </expectation>
        
      </instructionResult>
            <instructionResult>
        <instruction><![CDATA[[decisionTable_1_6, call, decisionTable_1, execute]]]></instruction>
        <slimResult><![CDATA[__EXCEPTION__:fitnesse.slim.SlimError: message:<<NO_METHOD_IN_CLASS execute[0] com.telcordia.cvas.rpn.fixtures.BinaryOpertorTests.>>
	at fitnesse.slim.StatementExecutor.findMatchingMethod(StatementExecutor.java:246)
	at fitnesse.slim.StatementExecutor.tryToInvokeMethod(StatementExecutor.java:218)
	at fitnesse.slim.StatementExecutor.call(StatementExecutor.java:146)
	at fitnesse.slim.Statement.callMethodAtIndex(Statement.java:97)
	at fitnesse.slim.Statement.call(Statement.java:90)
	at fitnesse.slim.Statement.execute(Statement.java:70)
	at fitnesse.slim.ListExecutor.execute(ListExecutor.java:34)
	at fitnesse.slim.SlimServer.executeInstructions(SlimServer.java:94)
	at fitnesse.slim.SlimServer.processTheInstructions(SlimServer.java:79)
	at fitnesse.slim.SlimServer.processOneSetOfInstructions(SlimServer.java:70)
	at fitnesse.slim.SlimServer.tryProcessInstructions(SlimServer.java:56)
	at fitnesse.slim.SlimServer.serve(SlimServer.java:32)
	at fitnesse.socketservice.SocketService$ServerRunner.run(SocketService.java:88)
	at java.lang.Thread.run(Unknown Source)
]]></slimResult>
        
      </instructionResult>
            <instructionResult>
        <instruction><![CDATA[[decisionTable_1_7, call, decisionTable_1, result]]]></instruction>
        <slimResult><![CDATA[8]]></slimResult>
                <expectation>
          <status>right</status>
          <instructionId>decisionTable_1_7</instructionId>
          <col>3</col>
          <row>2</row>
          <type>ReturnedValueExpectation</type>
                    <actual><![CDATA[8]]></actual>
                              <expected><![CDATA[8]]></expected>
                              <evaluationMessage><![CDATA[pass(8)]]></evaluationMessage>
                  </expectation>
        
      </instructionResult>
            <instructionResult>
        <instruction><![CDATA[[decisionTable_1_8, call, decisionTable_1, reset]]]></instruction>
        <slimResult><![CDATA[__EXCEPTION__:fitnesse.slim.SlimError: message:<<NO_METHOD_IN_CLASS reset[0] com.telcordia.cvas.rpn.fixtures.BinaryOpertorTests.>>
	at fitnesse.slim.StatementExecutor.findMatchingMethod(StatementExecutor.java:246)
	at fitnesse.slim.StatementExecutor.tryToInvokeMethod(StatementExecutor.java:218)
	at fitnesse.slim.StatementExecutor.call(StatementExecutor.java:146)
	at fitnesse.slim.Statement.callMethodAtIndex(Statement.java:97)
	at fitnesse.slim.Statement.call(Statement.java:90)
	at fitnesse.slim.Statement.execute(Statement.java:70)
	at fitnesse.slim.ListExecutor.execute(ListExecutor.java:34)
	at fitnesse.slim.SlimServer.executeInstructions(SlimServer.java:94)
	at fitnesse.slim.SlimServer.processTheInstructions(SlimServer.java:79)
	at fitnesse.slim.SlimServer.processOneSetOfInstructions(SlimServer.java:70)
	at fitnesse.slim.SlimServer.tryProcessInstructions(SlimServer.java:56)
	at fitnesse.slim.SlimServer.serve(SlimServer.java:32)
	at fitnesse.socketservice.SocketService$ServerRunner.run(SocketService.java:88)
	at java.lang.Thread.run(Unknown Source)
]]></slimResult>
        
      </instructionResult>
            <instructionResult>
        <instruction><![CDATA[[decisionTable_1_9, call, decisionTable_1, setOperand1, 8]]]></instruction>
        <slimResult><![CDATA[/__VOID__/]]></slimResult>
                <expectation>
          <status>ignored</status>
          <instructionId>decisionTable_1_9</instructionId>
          <col>0</col>
          <row>3</row>
          <type>VoidReturnExpectation</type>
                    <actual><![CDATA[/__VOID__/]]></actual>
                              <expected><![CDATA[8]]></expected>
                              <evaluationMessage><![CDATA[8]]></evaluationMessage>
                  </expectation>
        
      </instructionResult>
            <instructionResult>
        <instruction><![CDATA[[decisionTable_1_10, call, decisionTable_1, setOperand2, 3]]]></instruction>
        <slimResult><![CDATA[/__VOID__/]]></slimResult>
                <expectation>
          <status>ignored</status>
          <instructionId>decisionTable_1_10</instructionId>
          <col>1</col>
          <row>3</row>
          <type>VoidReturnExpectation</type>
                    <actual><![CDATA[/__VOID__/]]></actual>
                              <expected><![CDATA[3]]></expected>
                              <evaluationMessage><![CDATA[3]]></evaluationMessage>
                  </expectation>
        
      </instructionResult>
            <instructionResult>
        <instruction><![CDATA[[decisionTable_1_11, call, decisionTable_1, setOperator, -]]]></instruction>
        <slimResult><![CDATA[/__VOID__/]]></slimResult>
                <expectation>
          <status>ignored</status>
          <instructionId>decisionTable_1_11</instructionId>
          <col>2</col>
          <row>3</row>
          <type>VoidReturnExpectation</type>
                    <actual><![CDATA[/__VOID__/]]></actual>
                              <expected><![CDATA[-]]></expected>
                              <evaluationMessage><![CDATA[-]]></evaluationMessage>
                  </expectation>
        
      </instructionResult>
            <instructionResult>
        <instruction><![CDATA[[decisionTable_1_12, call, decisionTable_1, execute]]]></instruction>
        <slimResult><![CDATA[__EXCEPTION__:fitnesse.slim.SlimError: message:<<NO_METHOD_IN_CLASS execute[0] com.telcordia.cvas.rpn.fixtures.BinaryOpertorTests.>>
	at fitnesse.slim.StatementExecutor.findMatchingMethod(StatementExecutor.java:246)
	at fitnesse.slim.StatementExecutor.tryToInvokeMethod(StatementExecutor.java:218)
	at fitnesse.slim.StatementExecutor.call(StatementExecutor.java:146)
	at fitnesse.slim.Statement.callMethodAtIndex(Statement.java:97)
	at fitnesse.slim.Statement.call(Statement.java:90)
	at fitnesse.slim.Statement.execute(Statement.java:70)
	at fitnesse.slim.ListExecutor.execute(ListExecutor.java:34)
	at fitnesse.slim.SlimServer.executeInstructions(SlimServer.java:94)
	at fitnesse.slim.SlimServer.processTheInstructions(SlimServer.java:79)
	at fitnesse.slim.SlimServer.processOneSetOfInstructions(SlimServer.java:70)
	at fitnesse.slim.SlimServer.tryProcessInstructions(SlimServer.java:56)
	at fitnesse.slim.SlimServer.serve(SlimServer.java:32)
	at fitnesse.socketservice.SocketService$ServerRunner.run(SocketService.java:88)
	at java.lang.Thread.run(Unknown Source)
]]></slimResult>
        
      </instructionResult>
            <instructionResult>
        <instruction><![CDATA[[decisionTable_1_13, call, decisionTable_1, result]]]></instruction>
        <slimResult><![CDATA[5]]></slimResult>
                <expectation>
          <status>right</status>
          <instructionId>decisionTable_1_13</instructionId>
          <col>3</col>
          <row>3</row>
          <type>ReturnedValueExpectation</type>
                    <actual><![CDATA[5]]></actual>
                              <expected><![CDATA[5]]></expected>
                              <evaluationMessage><![CDATA[pass(5)]]></evaluationMessage>
                  </expectation>
        
      </instructionResult>
      
    </instructions>
    
  </result>
  
  <result>
    <counts>
      <right>4</right>
      <wrong>0</wrong>
      <ignores>0</ignores>
      <exceptions>0</exceptions>
    </counts>
    <content><![CDATA[<br/><div class="setup">
	<div style="float: right;" class="meta"><a href="javascript:expandAll();">Expand All</a> | <a href="javascript:collapseAll();">Collapse All</a></div>
	<a href="javascript:toggleCollapsable('-8022158781741424696');">
		<img src="/files/images/collapsableClosed.gif" class="left" id="img-8022158781741424696"/>
	</a>
&nbsp;<span class="meta">Set Up: <a href="RpnCalculatorSuite.BinaryOperatorTests.BinaryOperatorTests.SetUp">.RpnCalculatorSuite.BinaryOperatorTests.BinaryOperatorTests.SetUp</a> (edit: <a href="RpnCalculatorSuite.BinaryOperatorTests.BinaryOperatorTests.SetUp?edit&amp;redirectToReferer=true&amp;redirectAction=">locally</a> | <a href="http://localhost:8080/RpnCalculatorSuite.BinaryOperatorTests.SetUp?responder=edit&amp;redirectToReferer=true&amp;redirectAction=importAndView">remotely</a>)</span>
	<div class="hidden" id="-8022158781741424696"><table border="1" cellspacing="0">
<tr><td>import</td>
</tr>
<tr><td>com.telcordia.cvas.rpn.fixtures</td>
</tr>
</table>
</div>
</div>
<table border="1" cellspacing="0">
<tr><td>script</td>
<td><span class="pass">Use Calculator</span></td>
</tr>
<tr><td>accept</td>
<td>34</td>
</tr>
<tr><td colspan="2">enter</td>
</tr>
<tr><td>accept</td>
<td>6</td>
</tr>
<tr><td>$id<-[34, 6]</td>
<td>get contents</td>
</tr>
<tr><td><span class="pass">verify calculator contains</span></td>
<td>6, 34</td>
</tr>
</table>
<br/><br/><table border="1" cellspacing="0">
<tr><td>script</td>
<td><span class="pass">Use Calculator</span></td>
</tr>
<tr><td>accept</td>
<td>3</td>
</tr>
<tr><td colspan="2">enter</td>
</tr>
<tr><td>accept</td>
<td>4</td>
</tr>
<tr><td>perform</td>
<td>+</td>
</tr>
<tr><td>accept</td>
<td>6</td>
</tr>
<tr><td><span class="pass">verify calculator contains</span></td>
<td>6, 7</td>
</tr>
</table>
]]></content>
    <relativePageName>BinaryOperatorTests.BinaryOperatorTests.EnterSetReplaceModeTest</relativePageName>
    
        <tables>
            <table>
        <name>import_0</name>
                <row>
                    <col><![CDATA[import]]></col>
          
        </row>
                <row>
                    <col><![CDATA[com.telcordia.cvas.rpn.fixtures]]></col>
          
        </row>
        
      </table>
            <table>
        <name>scriptTable_1</name>
                <row>
                    <col><![CDATA[script]]></col>
                    <col><![CDATA[pass(Use Calculator)]]></col>
          
        </row>
                <row>
                    <col><![CDATA[accept]]></col>
                    <col><![CDATA[34]]></col>
          
        </row>
                <row>
                    <col><![CDATA[enter]]></col>
          
        </row>
                <row>
                    <col><![CDATA[accept]]></col>
                    <col><![CDATA[6]]></col>
          
        </row>
                <row>
                    <col><![CDATA[$id<-[34, 6]]]></col>
                    <col><![CDATA[get contents]]></col>
          
        </row>
                <row>
                    <col><![CDATA[pass(verify calculator contains)]]></col>
                    <col><![CDATA[6, 34]]></col>
          
        </row>
        
      </table>
            <table>
        <name>scriptTable_2</name>
                <row>
                    <col><![CDATA[script]]></col>
                    <col><![CDATA[pass(Use Calculator)]]></col>
          
        </row>
                <row>
                    <col><![CDATA[accept]]></col>
                    <col><![CDATA[3]]></col>
          
        </row>
                <row>
                    <col><![CDATA[enter]]></col>
          
        </row>
                <row>
                    <col><![CDATA[accept]]></col>
                    <col><![CDATA[4]]></col>
          
        </row>
                <row>
                    <col><![CDATA[perform]]></col>
                    <col><![CDATA[+]]></col>
          
        </row>
                <row>
                    <col><![CDATA[accept]]></col>
                    <col><![CDATA[6]]></col>
          
        </row>
                <row>
                    <col><![CDATA[pass(verify calculator contains)]]></col>
                    <col><![CDATA[6, 7]]></col>
          
        </row>
        
      </table>
      
    </tables>
    
    
    <instructions>
            <instructionResult>
        <instruction><![CDATA[[import_0_0, import, com.telcordia.cvas.rpn.fixtures]]]></instruction>
        <slimResult><![CDATA[OK]]></slimResult>
        
      </instructionResult>
            <instructionResult>
        <instruction><![CDATA[[scriptTable_1_0, make, scriptTableActor, UseCalculator]]]></instruction>
        <slimResult><![CDATA[OK]]></slimResult>
                <expectation>
          <status>right</status>
          <instructionId>scriptTable_1_0</instructionId>
          <col>1</col>
          <row>0</row>
          <type>ConstructionExpectation</type>
                    <actual><![CDATA[OK]]></actual>
                              <expected><![CDATA[Use Calculator]]></expected>
                              <evaluationMessage><![CDATA[pass(Use Calculator)]]></evaluationMessage>
                  </expectation>
        
      </instructionResult>
            <instructionResult>
        <instruction><![CDATA[[scriptTable_1_1, call, scriptTableActor, accept, 34]]]></instruction>
        <slimResult><![CDATA[/__VOID__/]]></slimResult>
                <expectation>
          <status>ignored</status>
          <instructionId>scriptTable_1_1</instructionId>
          <col>1</col>
          <row>1</row>
          <type>ArgumentExpectation</type>
                                        <evaluationMessage><![CDATA[]]></evaluationMessage>
                  </expectation>
                <expectation>
          <status>ignored</status>
          <instructionId>scriptTable_1_1</instructionId>
          <col>0</col>
          <row>1</row>
          <type>ScriptActionExpectation</type>
                    <actual><![CDATA[/__VOID__/]]></actual>
                              <expected><![CDATA[accept]]></expected>
                              <evaluationMessage><![CDATA[accept]]></evaluationMessage>
                  </expectation>
        
      </instructionResult>
            <instructionResult>
        <instruction><![CDATA[[scriptTable_1_2, call, scriptTableActor, enter]]]></instruction>
        <slimResult><![CDATA[/__VOID__/]]></slimResult>
                <expectation>
          <status>ignored</status>
          <instructionId>scriptTable_1_2</instructionId>
          <col>0</col>
          <row>2</row>
          <type>ScriptActionExpectation</type>
                    <actual><![CDATA[/__VOID__/]]></actual>
                              <expected><![CDATA[enter]]></expected>
                              <evaluationMessage><![CDATA[enter]]></evaluationMessage>
                  </expectation>
        
      </instructionResult>
            <instructionResult>
        <instruction><![CDATA[[scriptTable_1_3, call, scriptTableActor, accept, 6]]]></instruction>
        <slimResult><![CDATA[/__VOID__/]]></slimResult>
                <expectation>
          <status>ignored</status>
          <instructionId>scriptTable_1_3</instructionId>
          <col>1</col>
          <row>3</row>
          <type>ArgumentExpectation</type>
                                        <evaluationMessage><![CDATA[]]></evaluationMessage>
                  </expectation>
                <expectation>
          <status>ignored</status>
          <instructionId>scriptTable_1_3</instructionId>
          <col>0</col>
          <row>3</row>
          <type>ScriptActionExpectation</type>
                    <actual><![CDATA[/__VOID__/]]></actual>
                              <expected><![CDATA[accept]]></expected>
                              <evaluationMessage><![CDATA[accept]]></evaluationMessage>
                  </expectation>
        
      </instructionResult>
            <instructionResult>
        <instruction><![CDATA[[scriptTable_1_4, callAndAssign, id, scriptTableActor, getContents]]]></instruction>
        <slimResult><![CDATA[34, 6]]></slimResult>
                <expectation>
          <status>ignored</status>
          <instructionId>scriptTable_1_4</instructionId>
          <col>0</col>
          <row>4</row>
          <type>SymbolAssignmentExpectation</type>
                    <actual><![CDATA[34, 6]]></actual>
                              <expected><![CDATA[$id=]]></expected>
                              <evaluationMessage><![CDATA[$id<-[34, 6]]]></evaluationMessage>
                  </expectation>
        
      </instructionResult>
            <instructionResult>
        <instruction><![CDATA[[scriptTable_1_5, call, scriptTableActor, verifyCalculatorContains, 6, 34]]]></instruction>
        <slimResult><![CDATA[true]]></slimResult>
                <expectation>
          <status>ignored</status>
          <instructionId>scriptTable_1_5</instructionId>
          <col>1</col>
          <row>5</row>
          <type>ArgumentExpectation</type>
                                        <evaluationMessage><![CDATA[]]></evaluationMessage>
                  </expectation>
                <expectation>
          <status>right</status>
          <instructionId>scriptTable_1_5</instructionId>
          <col>0</col>
          <row>5</row>
          <type>ScriptActionExpectation</type>
                    <actual><![CDATA[true]]></actual>
                              <expected><![CDATA[verify calculator contains]]></expected>
                              <evaluationMessage><![CDATA[pass(verify calculator contains)]]></evaluationMessage>
                  </expectation>
        
      </instructionResult>
            <instructionResult>
        <instruction><![CDATA[[scriptTable_2_0, make, scriptTableActor, UseCalculator]]]></instruction>
        <slimResult><![CDATA[OK]]></slimResult>
                <expectation>
          <status>right</status>
          <instructionId>scriptTable_2_0</instructionId>
          <col>1</col>
          <row>0</row>
          <type>ConstructionExpectation</type>
                    <actual><![CDATA[OK]]></actual>
                              <expected><![CDATA[Use Calculator]]></expected>
                              <evaluationMessage><![CDATA[pass(Use Calculator)]]></evaluationMessage>
                  </expectation>
        
      </instructionResult>
            <instructionResult>
        <instruction><![CDATA[[scriptTable_2_1, call, scriptTableActor, accept, 3]]]></instruction>
        <slimResult><![CDATA[/__VOID__/]]></slimResult>
                <expectation>
          <status>ignored</status>
          <instructionId>scriptTable_2_1</instructionId>
          <col>1</col>
          <row>1</row>
          <type>ArgumentExpectation</type>
                                        <evaluationMessage><![CDATA[]]></evaluationMessage>
                  </expectation>
                <expectation>
          <status>ignored</status>
          <instructionId>scriptTable_2_1</instructionId>
          <col>0</col>
          <row>1</row>
          <type>ScriptActionExpectation</type>
                    <actual><![CDATA[/__VOID__/]]></actual>
                              <expected><![CDATA[accept]]></expected>
                              <evaluationMessage><![CDATA[accept]]></evaluationMessage>
                  </expectation>
        
      </instructionResult>
            <instructionResult>
        <instruction><![CDATA[[scriptTable_2_2, call, scriptTableActor, enter]]]></instruction>
        <slimResult><![CDATA[/__VOID__/]]></slimResult>
                <expectation>
          <status>ignored</status>
          <instructionId>scriptTable_2_2</instructionId>
          <col>0</col>
          <row>2</row>
          <type>ScriptActionExpectation</type>
                    <actual><![CDATA[/__VOID__/]]></actual>
                              <expected><![CDATA[enter]]></expected>
                              <evaluationMessage><![CDATA[enter]]></evaluationMessage>
                  </expectation>
        
      </instructionResult>
            <instructionResult>
        <instruction><![CDATA[[scriptTable_2_3, call, scriptTableActor, accept, 4]]]></instruction>
        <slimResult><![CDATA[/__VOID__/]]></slimResult>
                <expectation>
          <status>ignored</status>
          <instructionId>scriptTable_2_3</instructionId>
          <col>1</col>
          <row>3</row>
          <type>ArgumentExpectation</type>
                                        <evaluationMessage><![CDATA[]]></evaluationMessage>
                  </expectation>
                <expectation>
          <status>ignored</status>
          <instructionId>scriptTable_2_3</instructionId>
          <col>0</col>
          <row>3</row>
          <type>ScriptActionExpectation</type>
                    <actual><![CDATA[/__VOID__/]]></actual>
                              <expected><![CDATA[accept]]></expected>
                              <evaluationMessage><![CDATA[accept]]></evaluationMessage>
                  </expectation>
        
      </instructionResult>
            <instructionResult>
        <instruction><![CDATA[[scriptTable_2_4, call, scriptTableActor, perform, +]]]></instruction>
        <slimResult><![CDATA[/__VOID__/]]></slimResult>
                <expectation>
          <status>ignored</status>
          <instructionId>scriptTable_2_4</instructionId>
          <col>1</col>
          <row>4</row>
          <type>ArgumentExpectation</type>
                                        <evaluationMessage><![CDATA[]]></evaluationMessage>
                  </expectation>
                <expectation>
          <status>ignored</status>
          <instructionId>scriptTable_2_4</instructionId>
          <col>0</col>
          <row>4</row>
          <type>ScriptActionExpectation</type>
                    <actual><![CDATA[/__VOID__/]]></actual>
                              <expected><![CDATA[perform]]></expected>
                              <evaluationMessage><![CDATA[perform]]></evaluationMessage>
                  </expectation>
        
      </instructionResult>
            <instructionResult>
        <instruction><![CDATA[[scriptTable_2_5, call, scriptTableActor, accept, 6]]]></instruction>
        <slimResult><![CDATA[/__VOID__/]]></slimResult>
                <expectation>
          <status>ignored</status>
          <instructionId>scriptTable_2_5</instructionId>
          <col>1</col>
          <row>5</row>
          <type>ArgumentExpectation</type>
                                        <evaluationMessage><![CDATA[]]></evaluationMessage>
                  </expectation>
                <expectation>
          <status>ignored</status>
          <instructionId>scriptTable_2_5</instructionId>
          <col>0</col>
          <row>5</row>
          <type>ScriptActionExpectation</type>
                    <actual><![CDATA[/__VOID__/]]></actual>
                              <expected><![CDATA[accept]]></expected>
                              <evaluationMessage><![CDATA[accept]]></evaluationMessage>
                  </expectation>
        
      </instructionResult>
            <instructionResult>
        <instruction><![CDATA[[scriptTable_2_6, call, scriptTableActor, verifyCalculatorContains, 6, 7]]]></instruction>
        <slimResult><![CDATA[true]]></slimResult>
                <expectation>
          <status>ignored</status>
          <instructionId>scriptTable_2_6</instructionId>
          <col>1</col>
          <row>6</row>
          <type>ArgumentExpectation</type>
                                        <evaluationMessage><![CDATA[]]></evaluationMessage>
                  </expectation>
                <expectation>
          <status>right</status>
          <instructionId>scriptTable_2_6</instructionId>
          <col>0</col>
          <row>6</row>
          <type>ScriptActionExpectation</type>
                    <actual><![CDATA[true]]></actual>
                              <expected><![CDATA[verify calculator contains]]></expected>
                              <evaluationMessage><![CDATA[pass(verify calculator contains)]]></evaluationMessage>
                  </expectation>
        
      </instructionResult>
      
    </instructions>
    
  </result>
  
  <result>
    <counts>
      <right>4</right>
      <wrong>0</wrong>
      <ignores>0</ignores>
      <exceptions>0</exceptions>
    </counts>
    <content><![CDATA[<br/><div class="setup">
	<div style="float: right;" class="meta"><a href="javascript:expandAll();">Expand All</a> | <a href="javascript:collapseAll();">Collapse All</a></div>
	<a href="javascript:toggleCollapsable('9078358801091766942');">
		<img src="/files/images/collapsableClosed.gif" class="left" id="img9078358801091766942"/>
	</a>
&nbsp;<span class="meta">Set Up: <a href="RpnCalculatorSuite.BinaryOperatorTests.SetUp">.RpnCalculatorSuite.BinaryOperatorTests.SetUp</a> (edit: <a href="RpnCalculatorSuite.BinaryOperatorTests.SetUp?edit&amp;redirectToReferer=true&amp;redirectAction=">locally</a> | <a href="http://localhost:8080/RpnCalculatorSuite.SetUp?responder=edit&amp;redirectToReferer=true&amp;redirectAction=importAndView">remotely</a>)</span>
	<div class="hidden" id="9078358801091766942"><table border="1" cellspacing="0">
<tr><td>import</td>
</tr>
<tr><td>com.telcordia.cvas.rpn.fixtures</td>
</tr>
</table>
</div>
</div>
<table border="1" cellspacing="0">
<tr><td>script</td>
<td><span class="pass">Use Calculator</span></td>
</tr>
<tr><td>accept</td>
<td>34</td>
</tr>
<tr><td colspan="2">enter</td>
</tr>
<tr><td>accept</td>
<td>6</td>
</tr>
<tr><td>$id<-[34, 6]</td>
<td>get contents</td>
</tr>
<tr><td><span class="pass">verify calculator contains</span></td>
<td>6, 34</td>
</tr>
</table>
<br/><br/><table border="1" cellspacing="0">
<tr><td>script</td>
<td><span class="pass">Use Calculator</span></td>
</tr>
<tr><td>accept</td>
<td>3</td>
</tr>
<tr><td colspan="2">enter</td>
</tr>
<tr><td>accept</td>
<td>4</td>
</tr>
<tr><td>perform</td>
<td>+</td>
</tr>
<tr><td>accept</td>
<td>6</td>
</tr>
<tr><td><span class="pass">verify calculator contains</span></td>
<td>6, 7</td>
</tr>
</table>
]]></content>
    <relativePageName>BinaryOperatorTests.EnterSetReplaceModeTest</relativePageName>
    
        <tables>
            <table>
        <name>import_0</name>
                <row>
                    <col><![CDATA[import]]></col>
          
        </row>
                <row>
                    <col><![CDATA[com.telcordia.cvas.rpn.fixtures]]></col>
          
        </row>
        
      </table>
            <table>
        <name>scriptTable_1</name>
                <row>
                    <col><![CDATA[script]]></col>
                    <col><![CDATA[pass(Use Calculator)]]></col>
          
        </row>
                <row>
                    <col><![CDATA[accept]]></col>
                    <col><![CDATA[34]]></col>
          
        </row>
                <row>
                    <col><![CDATA[enter]]></col>
          
        </row>
                <row>
                    <col><![CDATA[accept]]></col>
                    <col><![CDATA[6]]></col>
          
        </row>
                <row>
                    <col><![CDATA[$id<-[34, 6]]]></col>
                    <col><![CDATA[get contents]]></col>
          
        </row>
                <row>
                    <col><![CDATA[pass(verify calculator contains)]]></col>
                    <col><![CDATA[6, 34]]></col>
          
        </row>
        
      </table>
            <table>
        <name>scriptTable_2</name>
                <row>
                    <col><![CDATA[script]]></col>
                    <col><![CDATA[pass(Use Calculator)]]></col>
          
        </row>
                <row>
                    <col><![CDATA[accept]]></col>
                    <col><![CDATA[3]]></col>
          
        </row>
                <row>
                    <col><![CDATA[enter]]></col>
          
        </row>
                <row>
                    <col><![CDATA[accept]]></col>
                    <col><![CDATA[4]]></col>
          
        </row>
                <row>
                    <col><![CDATA[perform]]></col>
                    <col><![CDATA[+]]></col>
          
        </row>
                <row>
                    <col><![CDATA[accept]]></col>
                    <col><![CDATA[6]]></col>
          
        </row>
                <row>
                    <col><![CDATA[pass(verify calculator contains)]]></col>
                    <col><![CDATA[6, 7]]></col>
          
        </row>
        
      </table>
      
    </tables>
    
    
    <instructions>
            <instructionResult>
        <instruction><![CDATA[[import_0_0, import, com.telcordia.cvas.rpn.fixtures]]]></instruction>
        <slimResult><![CDATA[OK]]></slimResult>
        
      </instructionResult>
            <instructionResult>
        <instruction><![CDATA[[scriptTable_1_0, make, scriptTableActor, UseCalculator]]]></instruction>
        <slimResult><![CDATA[OK]]></slimResult>
                <expectation>
          <status>right</status>
          <instructionId>scriptTable_1_0</instructionId>
          <col>1</col>
          <row>0</row>
          <type>ConstructionExpectation</type>
                    <actual><![CDATA[OK]]></actual>
                              <expected><![CDATA[Use Calculator]]></expected>
                              <evaluationMessage><![CDATA[pass(Use Calculator)]]></evaluationMessage>
                  </expectation>
        
      </instructionResult>
            <instructionResult>
        <instruction><![CDATA[[scriptTable_1_1, call, scriptTableActor, accept, 34]]]></instruction>
        <slimResult><![CDATA[/__VOID__/]]></slimResult>
                <expectation>
          <status>ignored</status>
          <instructionId>scriptTable_1_1</instructionId>
          <col>1</col>
          <row>1</row>
          <type>ArgumentExpectation</type>
                                        <evaluationMessage><![CDATA[]]></evaluationMessage>
                  </expectation>
                <expectation>
          <status>ignored</status>
          <instructionId>scriptTable_1_1</instructionId>
          <col>0</col>
          <row>1</row>
          <type>ScriptActionExpectation</type>
                    <actual><![CDATA[/__VOID__/]]></actual>
                              <expected><![CDATA[accept]]></expected>
                              <evaluationMessage><![CDATA[accept]]></evaluationMessage>
                  </expectation>
        
      </instructionResult>
            <instructionResult>
        <instruction><![CDATA[[scriptTable_1_2, call, scriptTableActor, enter]]]></instruction>
        <slimResult><![CDATA[/__VOID__/]]></slimResult>
                <expectation>
          <status>ignored</status>
          <instructionId>scriptTable_1_2</instructionId>
          <col>0</col>
          <row>2</row>
          <type>ScriptActionExpectation</type>
                    <actual><![CDATA[/__VOID__/]]></actual>
                              <expected><![CDATA[enter]]></expected>
                              <evaluationMessage><![CDATA[enter]]></evaluationMessage>
                  </expectation>
        
      </instructionResult>
            <instructionResult>
        <instruction><![CDATA[[scriptTable_1_3, call, scriptTableActor, accept, 6]]]></instruction>
        <slimResult><![CDATA[/__VOID__/]]></slimResult>
                <expectation>
          <status>ignored</status>
          <instructionId>scriptTable_1_3</instructionId>
          <col>1</col>
          <row>3</row>
          <type>ArgumentExpectation</type>
                                        <evaluationMessage><![CDATA[]]></evaluationMessage>
                  </expectation>
                <expectation>
          <status>ignored</status>
          <instructionId>scriptTable_1_3</instructionId>
          <col>0</col>
          <row>3</row>
          <type>ScriptActionExpectation</type>
                    <actual><![CDATA[/__VOID__/]]></actual>
                              <expected><![CDATA[accept]]></expected>
                              <evaluationMessage><![CDATA[accept]]></evaluationMessage>
                  </expectation>
        
      </instructionResult>
            <instructionResult>
        <instruction><![CDATA[[scriptTable_1_4, callAndAssign, id, scriptTableActor, getContents]]]></instruction>
        <slimResult><![CDATA[34, 6]]></slimResult>
                <expectation>
          <status>ignored</status>
          <instructionId>scriptTable_1_4</instructionId>
          <col>0</col>
          <row>4</row>
          <type>SymbolAssignmentExpectation</type>
                    <actual><![CDATA[34, 6]]></actual>
                              <expected><![CDATA[$id=]]></expected>
                              <evaluationMessage><![CDATA[$id<-[34, 6]]]></evaluationMessage>
                  </expectation>
        
      </instructionResult>
            <instructionResult>
        <instruction><![CDATA[[scriptTable_1_5, call, scriptTableActor, verifyCalculatorContains, 6, 34]]]></instruction>
        <slimResult><![CDATA[true]]></slimResult>
                <expectation>
          <status>ignored</status>
          <instructionId>scriptTable_1_5</instructionId>
          <col>1</col>
          <row>5</row>
          <type>ArgumentExpectation</type>
                                        <evaluationMessage><![CDATA[]]></evaluationMessage>
                  </expectation>
                <expectation>
          <status>right</status>
          <instructionId>scriptTable_1_5</instructionId>
          <col>0</col>
          <row>5</row>
          <type>ScriptActionExpectation</type>
                    <actual><![CDATA[true]]></actual>
                              <expected><![CDATA[verify calculator contains]]></expected>
                              <evaluationMessage><![CDATA[pass(verify calculator contains)]]></evaluationMessage>
                  </expectation>
        
      </instructionResult>
            <instructionResult>
        <instruction><![CDATA[[scriptTable_2_0, make, scriptTableActor, UseCalculator]]]></instruction>
        <slimResult><![CDATA[OK]]></slimResult>
                <expectation>
          <status>right</status>
          <instructionId>scriptTable_2_0</instructionId>
          <col>1</col>
          <row>0</row>
          <type>ConstructionExpectation</type>
                    <actual><![CDATA[OK]]></actual>
                              <expected><![CDATA[Use Calculator]]></expected>
                              <evaluationMessage><![CDATA[pass(Use Calculator)]]></evaluationMessage>
                  </expectation>
        
      </instructionResult>
            <instructionResult>
        <instruction><![CDATA[[scriptTable_2_1, call, scriptTableActor, accept, 3]]]></instruction>
        <slimResult><![CDATA[/__VOID__/]]></slimResult>
                <expectation>
          <status>ignored</status>
          <instructionId>scriptTable_2_1</instructionId>
          <col>1</col>
          <row>1</row>
          <type>ArgumentExpectation</type>
                                        <evaluationMessage><![CDATA[]]></evaluationMessage>
                  </expectation>
                <expectation>
          <status>ignored</status>
          <instructionId>scriptTable_2_1</instructionId>
          <col>0</col>
          <row>1</row>
          <type>ScriptActionExpectation</type>
                    <actual><![CDATA[/__VOID__/]]></actual>
                              <expected><![CDATA[accept]]></expected>
                              <evaluationMessage><![CDATA[accept]]></evaluationMessage>
                  </expectation>
        
      </instructionResult>
            <instructionResult>
        <instruction><![CDATA[[scriptTable_2_2, call, scriptTableActor, enter]]]></instruction>
        <slimResult><![CDATA[/__VOID__/]]></slimResult>
                <expectation>
          <status>ignored</status>
          <instructionId>scriptTable_2_2</instructionId>
          <col>0</col>
          <row>2</row>
          <type>ScriptActionExpectation</type>
                    <actual><![CDATA[/__VOID__/]]></actual>
                              <expected><![CDATA[enter]]></expected>
                              <evaluationMessage><![CDATA[enter]]></evaluationMessage>
                  </expectation>
        
      </instructionResult>
            <instructionResult>
        <instruction><![CDATA[[scriptTable_2_3, call, scriptTableActor, accept, 4]]]></instruction>
        <slimResult><![CDATA[/__VOID__/]]></slimResult>
                <expectation>
          <status>ignored</status>
          <instructionId>scriptTable_2_3</instructionId>
          <col>1</col>
          <row>3</row>
          <type>ArgumentExpectation</type>
                                        <evaluationMessage><![CDATA[]]></evaluationMessage>
                  </expectation>
                <expectation>
          <status>ignored</status>
          <instructionId>scriptTable_2_3</instructionId>
          <col>0</col>
          <row>3</row>
          <type>ScriptActionExpectation</type>
                    <actual><![CDATA[/__VOID__/]]></actual>
                              <expected><![CDATA[accept]]></expected>
                              <evaluationMessage><![CDATA[accept]]></evaluationMessage>
                  </expectation>
        
      </instructionResult>
            <instructionResult>
        <instruction><![CDATA[[scriptTable_2_4, call, scriptTableActor, perform, +]]]></instruction>
        <slimResult><![CDATA[/__VOID__/]]></slimResult>
                <expectation>
          <status>ignored</status>
          <instructionId>scriptTable_2_4</instructionId>
          <col>1</col>
          <row>4</row>
          <type>ArgumentExpectation</type>
                                        <evaluationMessage><![CDATA[]]></evaluationMessage>
                  </expectation>
                <expectation>
          <status>ignored</status>
          <instructionId>scriptTable_2_4</instructionId>
          <col>0</col>
          <row>4</row>
          <type>ScriptActionExpectation</type>
                    <actual><![CDATA[/__VOID__/]]></actual>
                              <expected><![CDATA[perform]]></expected>
                              <evaluationMessage><![CDATA[perform]]></evaluationMessage>
                  </expectation>
        
      </instructionResult>
            <instructionResult>
        <instruction><![CDATA[[scriptTable_2_5, call, scriptTableActor, accept, 6]]]></instruction>
        <slimResult><![CDATA[/__VOID__/]]></slimResult>
                <expectation>
          <status>ignored</status>
          <instructionId>scriptTable_2_5</instructionId>
          <col>1</col>
          <row>5</row>
          <type>ArgumentExpectation</type>
                                        <evaluationMessage><![CDATA[]]></evaluationMessage>
                  </expectation>
                <expectation>
          <status>ignored</status>
          <instructionId>scriptTable_2_5</instructionId>
          <col>0</col>
          <row>5</row>
          <type>ScriptActionExpectation</type>
                    <actual><![CDATA[/__VOID__/]]></actual>
                              <expected><![CDATA[accept]]></expected>
                              <evaluationMessage><![CDATA[accept]]></evaluationMessage>
                  </expectation>
        
      </instructionResult>
            <instructionResult>
        <instruction><![CDATA[[scriptTable_2_6, call, scriptTableActor, verifyCalculatorContains, 6, 7]]]></instruction>
        <slimResult><![CDATA[true]]></slimResult>
                <expectation>
          <status>ignored</status>
          <instructionId>scriptTable_2_6</instructionId>
          <col>1</col>
          <row>6</row>
          <type>ArgumentExpectation</type>
                                        <evaluationMessage><![CDATA[]]></evaluationMessage>
                  </expectation>
                <expectation>
          <status>right</status>
          <instructionId>scriptTable_2_6</instructionId>
          <col>0</col>
          <row>6</row>
          <type>ScriptActionExpectation</type>
                    <actual><![CDATA[true]]></actual>
                              <expected><![CDATA[verify calculator contains]]></expected>
                              <evaluationMessage><![CDATA[pass(verify calculator contains)]]></evaluationMessage>
                  </expectation>
        
      </instructionResult>
      
    </instructions>
    
  </result>
  
  <result>
    <counts>
      <right>4</right>
      <wrong>0</wrong>
      <ignores>0</ignores>
      <exceptions>0</exceptions>
    </counts>
    <content><![CDATA[<br/><div class="setup">
	<div style="float: right;" class="meta"><a href="javascript:expandAll();">Expand All</a> | <a href="javascript:collapseAll();">Collapse All</a></div>
	<a href="javascript:toggleCollapsable('-1568115549693025237');">
		<img src="/files/images/collapsableClosed.gif" class="left" id="img-1568115549693025237"/>
	</a>
&nbsp;<span class="meta">Set Up: <a href="RpnCalculatorSuite.SetUp">.RpnCalculatorSuite.SetUp</a> <a href="RpnCalculatorSuite.SetUp?edit&amp;redirectToReferer=true&amp;redirectAction=">(edit)</a></span>
	<div class="hidden" id="-1568115549693025237"><table border="1" cellspacing="0">
<tr><td>import</td>
</tr>
<tr><td>com.telcordia.cvas.rpn.fixtures</td>
</tr>
</table>
</div>
</div>
<table border="1" cellspacing="0">
<tr><td>script</td>
<td><span class="pass">Use Calculator</span></td>
</tr>
<tr><td>accept</td>
<td>34</td>
</tr>
<tr><td colspan="2">enter</td>
</tr>
<tr><td>accept</td>
<td>6</td>
</tr>
<tr><td>$id<-[34, 6]</td>
<td>get contents</td>
</tr>
<tr><td><span class="pass">verify calculator contains</span></td>
<td>6, 34</td>
</tr>
</table>
<br/><br/><table border="1" cellspacing="0">
<tr><td>script</td>
<td><span class="pass">Use Calculator</span></td>
</tr>
<tr><td>accept</td>
<td>3</td>
</tr>
<tr><td colspan="2">enter</td>
</tr>
<tr><td>accept</td>
<td>4</td>
</tr>
<tr><td>perform</td>
<td>+</td>
</tr>
<tr><td>accept</td>
<td>6</td>
</tr>
<tr><td><span class="pass">verify calculator contains</span></td>
<td>6, 7</td>
</tr>
</table>
]]></content>
    <relativePageName>EnterSetReplaceModeTest</relativePageName>
    
        <tables>
            <table>
        <name>import_0</name>
                <row>
                    <col><![CDATA[import]]></col>
          
        </row>
                <row>
                    <col><![CDATA[com.telcordia.cvas.rpn.fixtures]]></col>
          
        </row>
        
      </table>
            <table>
        <name>scriptTable_1</name>
                <row>
                    <col><![CDATA[script]]></col>
                    <col><![CDATA[pass(Use Calculator)]]></col>
          
        </row>
                <row>
                    <col><![CDATA[accept]]></col>
                    <col><![CDATA[34]]></col>
          
        </row>
                <row>
                    <col><![CDATA[enter]]></col>
          
        </row>
                <row>
                    <col><![CDATA[accept]]></col>
                    <col><![CDATA[6]]></col>
          
        </row>
                <row>
                    <col><![CDATA[$id<-[34, 6]]]></col>
                    <col><![CDATA[get contents]]></col>
          
        </row>
                <row>
                    <col><![CDATA[pass(verify calculator contains)]]></col>
                    <col><![CDATA[6, 34]]></col>
          
        </row>
        
      </table>
            <table>
        <name>scriptTable_2</name>
                <row>
                    <col><![CDATA[script]]></col>
                    <col><![CDATA[pass(Use Calculator)]]></col>
          
        </row>
                <row>
                    <col><![CDATA[accept]]></col>
                    <col><![CDATA[3]]></col>
          
        </row>
                <row>
                    <col><![CDATA[enter]]></col>
          
        </row>
                <row>
                    <col><![CDATA[accept]]></col>
                    <col><![CDATA[4]]></col>
          
        </row>
                <row>
                    <col><![CDATA[perform]]></col>
                    <col><![CDATA[+]]></col>
          
        </row>
                <row>
                    <col><![CDATA[accept]]></col>
                    <col><![CDATA[6]]></col>
          
        </row>
                <row>
                    <col><![CDATA[pass(verify calculator contains)]]></col>
                    <col><![CDATA[6, 7]]></col>
          
        </row>
        
      </table>
      
    </tables>
    
    
    <instructions>
            <instructionResult>
        <instruction><![CDATA[[import_0_0, import, com.telcordia.cvas.rpn.fixtures]]]></instruction>
        <slimResult><![CDATA[OK]]></slimResult>
        
      </instructionResult>
            <instructionResult>
        <instruction><![CDATA[[scriptTable_1_0, make, scriptTableActor, UseCalculator]]]></instruction>
        <slimResult><![CDATA[OK]]></slimResult>
                <expectation>
          <status>right</status>
          <instructionId>scriptTable_1_0</instructionId>
          <col>1</col>
          <row>0</row>
          <type>ConstructionExpectation</type>
                    <actual><![CDATA[OK]]></actual>
                              <expected><![CDATA[Use Calculator]]></expected>
                              <evaluationMessage><![CDATA[pass(Use Calculator)]]></evaluationMessage>
                  </expectation>
        
      </instructionResult>
            <instructionResult>
        <instruction><![CDATA[[scriptTable_1_1, call, scriptTableActor, accept, 34]]]></instruction>
        <slimResult><![CDATA[/__VOID__/]]></slimResult>
                <expectation>
          <status>ignored</status>
          <instructionId>scriptTable_1_1</instructionId>
          <col>1</col>
          <row>1</row>
          <type>ArgumentExpectation</type>
                                        <evaluationMessage><![CDATA[]]></evaluationMessage>
                  </expectation>
                <expectation>
          <status>ignored</status>
          <instructionId>scriptTable_1_1</instructionId>
          <col>0</col>
          <row>1</row>
          <type>ScriptActionExpectation</type>
                    <actual><![CDATA[/__VOID__/]]></actual>
                              <expected><![CDATA[accept]]></expected>
                              <evaluationMessage><![CDATA[accept]]></evaluationMessage>
                  </expectation>
        
      </instructionResult>
            <instructionResult>
        <instruction><![CDATA[[scriptTable_1_2, call, scriptTableActor, enter]]]></instruction>
        <slimResult><![CDATA[/__VOID__/]]></slimResult>
                <expectation>
          <status>ignored</status>
          <instructionId>scriptTable_1_2</instructionId>
          <col>0</col>
          <row>2</row>
          <type>ScriptActionExpectation</type>
                    <actual><![CDATA[/__VOID__/]]></actual>
                              <expected><![CDATA[enter]]></expected>
                              <evaluationMessage><![CDATA[enter]]></evaluationMessage>
                  </expectation>
        
      </instructionResult>
            <instructionResult>
        <instruction><![CDATA[[scriptTable_1_3, call, scriptTableActor, accept, 6]]]></instruction>
        <slimResult><![CDATA[/__VOID__/]]></slimResult>
                <expectation>
          <status>ignored</status>
          <instructionId>scriptTable_1_3</instructionId>
          <col>1</col>
          <row>3</row>
          <type>ArgumentExpectation</type>
                                        <evaluationMessage><![CDATA[]]></evaluationMessage>
                  </expectation>
                <expectation>
          <status>ignored</status>
          <instructionId>scriptTable_1_3</instructionId>
          <col>0</col>
          <row>3</row>
          <type>ScriptActionExpectation</type>
                    <actual><![CDATA[/__VOID__/]]></actual>
                              <expected><![CDATA[accept]]></expected>
                              <evaluationMessage><![CDATA[accept]]></evaluationMessage>
                  </expectation>
        
      </instructionResult>
            <instructionResult>
        <instruction><![CDATA[[scriptTable_1_4, callAndAssign, id, scriptTableActor, getContents]]]></instruction>
        <slimResult><![CDATA[34, 6]]></slimResult>
                <expectation>
          <status>ignored</status>
          <instructionId>scriptTable_1_4</instructionId>
          <col>0</col>
          <row>4</row>
          <type>SymbolAssignmentExpectation</type>
                    <actual><![CDATA[34, 6]]></actual>
                              <expected><![CDATA[$id=]]></expected>
                              <evaluationMessage><![CDATA[$id<-[34, 6]]]></evaluationMessage>
                  </expectation>
        
      </instructionResult>
            <instructionResult>
        <instruction><![CDATA[[scriptTable_1_5, call, scriptTableActor, verifyCalculatorContains, 6, 34]]]></instruction>
        <slimResult><![CDATA[true]]></slimResult>
                <expectation>
          <status>ignored</status>
          <instructionId>scriptTable_1_5</instructionId>
          <col>1</col>
          <row>5</row>
          <type>ArgumentExpectation</type>
                                        <evaluationMessage><![CDATA[]]></evaluationMessage>
                  </expectation>
                <expectation>
          <status>right</status>
          <instructionId>scriptTable_1_5</instructionId>
          <col>0</col>
          <row>5</row>
          <type>ScriptActionExpectation</type>
                    <actual><![CDATA[true]]></actual>
                              <expected><![CDATA[verify calculator contains]]></expected>
                              <evaluationMessage><![CDATA[pass(verify calculator contains)]]></evaluationMessage>
                  </expectation>
        
      </instructionResult>
            <instructionResult>
        <instruction><![CDATA[[scriptTable_2_0, make, scriptTableActor, UseCalculator]]]></instruction>
        <slimResult><![CDATA[OK]]></slimResult>
                <expectation>
          <status>right</status>
          <instructionId>scriptTable_2_0</instructionId>
          <col>1</col>
          <row>0</row>
          <type>ConstructionExpectation</type>
                    <actual><![CDATA[OK]]></actual>
                              <expected><![CDATA[Use Calculator]]></expected>
                              <evaluationMessage><![CDATA[pass(Use Calculator)]]></evaluationMessage>
                  </expectation>
        
      </instructionResult>
            <instructionResult>
        <instruction><![CDATA[[scriptTable_2_1, call, scriptTableActor, accept, 3]]]></instruction>
        <slimResult><![CDATA[/__VOID__/]]></slimResult>
                <expectation>
          <status>ignored</status>
          <instructionId>scriptTable_2_1</instructionId>
          <col>1</col>
          <row>1</row>
          <type>ArgumentExpectation</type>
                                        <evaluationMessage><![CDATA[]]></evaluationMessage>
                  </expectation>
                <expectation>
          <status>ignored</status>
          <instructionId>scriptTable_2_1</instructionId>
          <col>0</col>
          <row>1</row>
          <type>ScriptActionExpectation</type>
                    <actual><![CDATA[/__VOID__/]]></actual>
                              <expected><![CDATA[accept]]></expected>
                              <evaluationMessage><![CDATA[accept]]></evaluationMessage>
                  </expectation>
        
      </instructionResult>
            <instructionResult>
        <instruction><![CDATA[[scriptTable_2_2, call, scriptTableActor, enter]]]></instruction>
        <slimResult><![CDATA[/__VOID__/]]></slimResult>
                <expectation>
          <status>ignored</status>
          <instructionId>scriptTable_2_2</instructionId>
          <col>0</col>
          <row>2</row>
          <type>ScriptActionExpectation</type>
                    <actual><![CDATA[/__VOID__/]]></actual>
                              <expected><![CDATA[enter]]></expected>
                              <evaluationMessage><![CDATA[enter]]></evaluationMessage>
                  </expectation>
        
      </instructionResult>
            <instructionResult>
        <instruction><![CDATA[[scriptTable_2_3, call, scriptTableActor, accept, 4]]]></instruction>
        <slimResult><![CDATA[/__VOID__/]]></slimResult>
                <expectation>
          <status>ignored</status>
          <instructionId>scriptTable_2_3</instructionId>
          <col>1</col>
          <row>3</row>
          <type>ArgumentExpectation</type>
                                        <evaluationMessage><![CDATA[]]></evaluationMessage>
                  </expectation>
                <expectation>
          <status>ignored</status>
          <instructionId>scriptTable_2_3</instructionId>
          <col>0</col>
          <row>3</row>
          <type>ScriptActionExpectation</type>
                    <actual><![CDATA[/__VOID__/]]></actual>
                              <expected><![CDATA[accept]]></expected>
                              <evaluationMessage><![CDATA[accept]]></evaluationMessage>
                  </expectation>
        
      </instructionResult>
            <instructionResult>
        <instruction><![CDATA[[scriptTable_2_4, call, scriptTableActor, perform, +]]]></instruction>
        <slimResult><![CDATA[/__VOID__/]]></slimResult>
                <expectation>
          <status>ignored</status>
          <instructionId>scriptTable_2_4</instructionId>
          <col>1</col>
          <row>4</row>
          <type>ArgumentExpectation</type>
                                        <evaluationMessage><![CDATA[]]></evaluationMessage>
                  </expectation>
                <expectation>
          <status>ignored</status>
          <instructionId>scriptTable_2_4</instructionId>
          <col>0</col>
          <row>4</row>
          <type>ScriptActionExpectation</type>
                    <actual><![CDATA[/__VOID__/]]></actual>
                              <expected><![CDATA[perform]]></expected>
                              <evaluationMessage><![CDATA[perform]]></evaluationMessage>
                  </expectation>
        
      </instructionResult>
            <instructionResult>
        <instruction><![CDATA[[scriptTable_2_5, call, scriptTableActor, accept, 6]]]></instruction>
        <slimResult><![CDATA[/__VOID__/]]></slimResult>
                <expectation>
          <status>ignored</status>
          <instructionId>scriptTable_2_5</instructionId>
          <col>1</col>
          <row>5</row>
          <type>ArgumentExpectation</type>
                                        <evaluationMessage><![CDATA[]]></evaluationMessage>
                  </expectation>
                <expectation>
          <status>ignored</status>
          <instructionId>scriptTable_2_5</instructionId>
          <col>0</col>
          <row>5</row>
          <type>ScriptActionExpectation</type>
                    <actual><![CDATA[/__VOID__/]]></actual>
                              <expected><![CDATA[accept]]></expected>
                              <evaluationMessage><![CDATA[accept]]></evaluationMessage>
                  </expectation>
        
      </instructionResult>
            <instructionResult>
        <instruction><![CDATA[[scriptTable_2_6, call, scriptTableActor, verifyCalculatorContains, 6, 7]]]></instruction>
        <slimResult><![CDATA[true]]></slimResult>
                <expectation>
          <status>ignored</status>
          <instructionId>scriptTable_2_6</instructionId>
          <col>1</col>
          <row>6</row>
          <type>ArgumentExpectation</type>
                                        <evaluationMessage><![CDATA[]]></evaluationMessage>
                  </expectation>
                <expectation>
          <status>right</status>
          <instructionId>scriptTable_2_6</instructionId>
          <col>0</col>
          <row>6</row>
          <type>ScriptActionExpectation</type>
                    <actual><![CDATA[true]]></actual>
                              <expected><![CDATA[verify calculator contains]]></expected>
                              <evaluationMessage><![CDATA[pass(verify calculator contains)]]></evaluationMessage>
                  </expectation>
        
      </instructionResult>
      
    </instructions>
    
  </result>
  
  
  <finalCounts>
    <right>6</right>
    <wrong>0</wrong>
    <ignores>0</ignores>
    <exceptions>0</exceptions>
  </finalCounts>
  
</testResults>

