<?xml version="1.0"?>
<testResults>
  <FitNesseVersion>v20090513</FitNesseVersion>
  <rootPath>EnterSetReplaceModeTest</rootPath>
  
  <result>
    <counts>
      <right>0</right>
      <wrong>0</wrong>
      <ignores>0</ignores>
      <exceptions>12</exceptions>
    </counts>
    <content><![CDATA[<table border="1" cellspacing="0">
<tr><td>import</td>
</tr>
<tr><td>com.telcordia.cvas.rpn.fixtures</td>
</tr>
</table>
<br/><table border="1" cellspacing="0">
<tr><td>script</td>
<td>Use Calculator <span class="error">Could not invoke constructor for UseCalculator[0]</span></td>
</tr>
<tr><td>accept <span class="error">The instance scriptTableActor. does not exist</span></td>
<td>34</td>
</tr>
<tr><td colspan="2">enter <span class="error">The instance scriptTableActor. does not exist</span></td>
</tr>
<tr><td>accept <span class="error">The instance scriptTableActor. does not exist</span></td>
<td>6</td>
</tr>
<tr><td>$id= <span class="error">The instance scriptTableActor. does not exist</span></td>
<td>get contents</td>
</tr>
<tr><td>verify calculator contains <span class="error">The instance scriptTableActor. does not exist</span></td>
<td>6, 34</td>
</tr>
</table>
<br/>]]></content>
    <relativePageName>EnterSetReplaceModeTest</relativePageName>
    
        <tables>
            <table>
        <name>import_0</name>
                <row>
                    <col><![CDATA[import]]></col>
          
        </row>
                <row>
                    <col><![CDATA[com.telcordia.cvas.rpn.fixtures]]></col>
          
        </row>
        
      </table>
            <table>
        <name>scriptTable_1</name>
                <row>
                    <col><![CDATA[script]]></col>
                    <col><![CDATA[Use Calculator error(Could not invoke constructor for UseCalculator[0])]]></col>
          
        </row>
                <row>
                    <col><![CDATA[accept error(The instance scriptTableActor. does not exist)]]></col>
                    <col><![CDATA[34]]></col>
          
        </row>
                <row>
                    <col><![CDATA[enter error(The instance scriptTableActor. does not exist)]]></col>
          
        </row>
                <row>
                    <col><![CDATA[accept error(The instance scriptTableActor. does not exist)]]></col>
                    <col><![CDATA[6]]></col>
          
        </row>
                <row>
                    <col><![CDATA[$id= error(The instance scriptTableActor. does not exist)]]></col>
                    <col><![CDATA[get contents]]></col>
          
        </row>
                <row>
                    <col><![CDATA[verify calculator contains error(The instance scriptTableActor. does not exist)]]></col>
                    <col><![CDATA[6, 34]]></col>
          
        </row>
        
      </table>
      
    </tables>
    
    
    <instructions>
            <instructionResult>
        <instruction><![CDATA[[import_0_0, import, com.telcordia.cvas.rpn.fixtures]]]></instruction>
        <slimResult><![CDATA[OK]]></slimResult>
        
      </instructionResult>
            <instructionResult>
        <instruction><![CDATA[[scriptTable_1_0, make, scriptTableActor, UseCalculator]]]></instruction>
        <slimResult><![CDATA[!error:Could not invoke constructor for UseCalculator[0]]]></slimResult>
                <expectation>
          <status>ignored</status>
          <instructionId>scriptTable_1_0</instructionId>
          <col>1</col>
          <row>0</row>
          <type>ConstructionExpectation</type>
                    <actual><![CDATA[!error:Could not invoke constructor for UseCalculator[0]]]></actual>
                              <expected><![CDATA[Use Calculator]]></expected>
                              <evaluationMessage><![CDATA[Use Calculator error(Could not invoke constructor for UseCalculator[0])]]></evaluationMessage>
                  </expectation>
        
      </instructionResult>
            <instructionResult>
        <instruction><![CDATA[[scriptTable_1_1, call, scriptTableActor, accept, 34]]]></instruction>
        <slimResult><![CDATA[!error:The instance scriptTableActor. does not exist]]></slimResult>
                <expectation>
          <status>ignored</status>
          <instructionId>scriptTable_1_1</instructionId>
          <col>1</col>
          <row>1</row>
          <type>ArgumentExpectation</type>
                                        <evaluationMessage><![CDATA[]]></evaluationMessage>
                  </expectation>
                <expectation>
          <status>ignored</status>
          <instructionId>scriptTable_1_1</instructionId>
          <col>0</col>
          <row>1</row>
          <type>ScriptActionExpectation</type>
                    <actual><![CDATA[!error:The instance scriptTableActor. does not exist]]></actual>
                              <expected><![CDATA[accept]]></expected>
                              <evaluationMessage><![CDATA[accept error(The instance scriptTableActor. does not exist)]]></evaluationMessage>
                  </expectation>
        
      </instructionResult>
            <instructionResult>
        <instruction><![CDATA[[scriptTable_1_2, call, scriptTableActor, enter]]]></instruction>
        <slimResult><![CDATA[!error:The instance scriptTableActor. does not exist]]></slimResult>
                <expectation>
          <status>ignored</status>
          <instructionId>scriptTable_1_2</instructionId>
          <col>0</col>
          <row>2</row>
          <type>ScriptActionExpectation</type>
                    <actual><![CDATA[!error:The instance scriptTableActor. does not exist]]></actual>
                              <expected><![CDATA[enter]]></expected>
                              <evaluationMessage><![CDATA[enter error(The instance scriptTableActor. does not exist)]]></evaluationMessage>
                  </expectation>
        
      </instructionResult>
            <instructionResult>
        <instruction><![CDATA[[scriptTable_1_3, call, scriptTableActor, accept, 6]]]></instruction>
        <slimResult><![CDATA[!error:The instance scriptTableActor. does not exist]]></slimResult>
                <expectation>
          <status>ignored</status>
          <instructionId>scriptTable_1_3</instructionId>
          <col>1</col>
          <row>3</row>
          <type>ArgumentExpectation</type>
                                        <evaluationMessage><![CDATA[]]></evaluationMessage>
                  </expectation>
                <expectation>
          <status>ignored</status>
          <instructionId>scriptTable_1_3</instructionId>
          <col>0</col>
          <row>3</row>
          <type>ScriptActionExpectation</type>
                    <actual><![CDATA[!error:The instance scriptTableActor. does not exist]]></actual>
                              <expected><![CDATA[accept]]></expected>
                              <evaluationMessage><![CDATA[accept error(The instance scriptTableActor. does not exist)]]></evaluationMessage>
                  </expectation>
        
      </instructionResult>
            <instructionResult>
        <instruction><![CDATA[[scriptTable_1_4, callAndAssign, id, scriptTableActor, getContents]]]></instruction>
        <slimResult><![CDATA[!error:The instance scriptTableActor. does not exist]]></slimResult>
                <expectation>
          <status>ignored</status>
          <instructionId>scriptTable_1_4</instructionId>
          <col>0</col>
          <row>4</row>
          <type>SymbolAssignmentExpectation</type>
                    <actual><![CDATA[!error:The instance scriptTableActor. does not exist]]></actual>
                              <expected><![CDATA[$id=]]></expected>
                              <evaluationMessage><![CDATA[$id= error(The instance scriptTableActor. does not exist)]]></evaluationMessage>
                  </expectation>
        
      </instructionResult>
            <instructionResult>
        <instruction><![CDATA[[scriptTable_1_5, call, scriptTableActor, verifyCalculatorContains, 6, 34]]]></instruction>
        <slimResult><![CDATA[!error:The instance scriptTableActor. does not exist]]></slimResult>
                <expectation>
          <status>ignored</status>
          <instructionId>scriptTable_1_5</instructionId>
          <col>1</col>
          <row>5</row>
          <type>ArgumentExpectation</type>
                                        <evaluationMessage><![CDATA[]]></evaluationMessage>
                  </expectation>
                <expectation>
          <status>ignored</status>
          <instructionId>scriptTable_1_5</instructionId>
          <col>0</col>
          <row>5</row>
          <type>ScriptActionExpectation</type>
                    <actual><![CDATA[!error:The instance scriptTableActor. does not exist]]></actual>
                              <expected><![CDATA[verify calculator contains]]></expected>
                              <evaluationMessage><![CDATA[verify calculator contains error(The instance scriptTableActor. does not exist)]]></evaluationMessage>
                  </expectation>
        
      </instructionResult>
      
    </instructions>
    
  </result>
  
  
</testResults>

