<?xml version="1.0"?>
<testResults>
  <FitNesseVersion>v20090513</FitNesseVersion>
  <rootPath>EnterSetReplaceModeTest</rootPath>
  
  <result>
    <counts>
      <right>1</right>
      <wrong>0</wrong>
      <ignores>0</ignores>
      <exceptions>1</exceptions>
    </counts>
    <content><![CDATA[<H3> <span class="fail">Exceptions</span></H3><br/><a name="scriptTable_1_5"/><b></b><div class="collapse_rim"><div style="float: right;" class="meta"><a href="javascript:expandAll();">Expand All</a> | <a href="javascript:collapseAll();">Collapse All</a></div><a href="javascript:toggleCollapsable('5744986604822452413');"><img src="/files/images/collapsableClosed.gif" class="left" id="img5744986604822452413"/></a>&nbsp;<span class="meta">scriptTable_1_5 </span>

	<div class="hidden" id="5744986604822452413"><pre>__EXCEPTION__:java.lang.NumberFormatException: For input string: " 34"
	at java.lang.NumberFormatException.forInputString(Unknown Source)
	at java.lang.Integer.parseInt(Unknown Source)
	at java.lang.Integer.parseInt(Unknown Source)
	at com.telcordia.cvas.rpn.fixtures.UseCalculator.verifyCalculatorContains(UseCalculator.java:24)
	at sun.reflect.NativeMethodAccessorImpl.invoke0(Native Method)
	at sun.reflect.NativeMethodAccessorImpl.invoke(Unknown Source)
	at sun.reflect.DelegatingMethodAccessorImpl.invoke(Unknown Source)
	at java.lang.reflect.Method.invoke(Unknown Source)
	at fitnesse.slim.StatementExecutor.callMethod(StatementExecutor.java:230)
	at fitnesse.slim.StatementExecutor.tryToInvokeMethod(StatementExecutor.java:220)
	at fitnesse.slim.StatementExecutor.call(StatementExecutor.java:146)
	at fitnesse.slim.Statement.callMethodAtIndex(Statement.java:97)
	at fitnesse.slim.Statement.call(Statement.java:90)
	at fitnesse.slim.Statement.execute(Statement.java:70)
	at fitnesse.slim.ListExecutor.execute(ListExecutor.java:34)
	at fitnesse.slim.SlimServer.executeInstructions(SlimServer.java:94)
	at fitnesse.slim.SlimServer.processTheInstructions(SlimServer.java:79)
	at fitnesse.slim.SlimServer.processOneSetOfInstructions(SlimServer.java:70)
	at fitnesse.slim.SlimServer.tryProcessInstructions(SlimServer.java:56)
	at fitnesse.slim.SlimServer.serve(SlimServer.java:32)
	at fitnesse.socketservice.SocketService$ServerRunner.run(SocketService.java:88)
	at java.lang.Thread.run(Unknown Source)
</pre></div>
</div><hr/><table border="1" cellspacing="0">
<tr><td>import</td>
</tr>
<tr><td>com.telcordia.cvas.rpn.fixtures</td>
</tr>
</table>
<br/><table border="1" cellspacing="0">
<tr><td>script</td>
<td><span class="pass">Use Calculator</span></td>
</tr>
<tr><td>accept</td>
<td>34</td>
</tr>
<tr><td colspan="2">enter</td>
</tr>
<tr><td>accept</td>
<td>6</td>
</tr>
<tr><td>$id<-[1, 2, 3]</td>
<td>get contents</td>
</tr>
<tr><td>verify calculator contains</td>
<td>6, 34</td>
</tr>
</table>
<br/>]]></content>
    <relativePageName>EnterSetReplaceModeTest</relativePageName>
    
        <tables>
            <table>
        <name>import_0</name>
                <row>
                    <col><![CDATA[import]]></col>
          
        </row>
                <row>
                    <col><![CDATA[com.telcordia.cvas.rpn.fixtures]]></col>
          
        </row>
        
      </table>
            <table>
        <name>scriptTable_1</name>
                <row>
                    <col><![CDATA[script]]></col>
                    <col><![CDATA[pass(Use Calculator)]]></col>
          
        </row>
                <row>
                    <col><![CDATA[accept]]></col>
                    <col><![CDATA[34]]></col>
          
        </row>
                <row>
                    <col><![CDATA[enter]]></col>
          
        </row>
                <row>
                    <col><![CDATA[accept]]></col>
                    <col><![CDATA[6]]></col>
          
        </row>
                <row>
                    <col><![CDATA[$id<-[1, 2, 3]]]></col>
                    <col><![CDATA[get contents]]></col>
          
        </row>
                <row>
                    <col><![CDATA[verify calculator contains]]></col>
                    <col><![CDATA[6, 34]]></col>
          
        </row>
        
      </table>
      
    </tables>
    
    
    <instructions>
            <instructionResult>
        <instruction><![CDATA[[import_0_0, import, com.telcordia.cvas.rpn.fixtures]]]></instruction>
        <slimResult><![CDATA[OK]]></slimResult>
        
      </instructionResult>
            <instructionResult>
        <instruction><![CDATA[[scriptTable_1_0, make, scriptTableActor, UseCalculator]]]></instruction>
        <slimResult><![CDATA[OK]]></slimResult>
                <expectation>
          <status>right</status>
          <instructionId>scriptTable_1_0</instructionId>
          <col>1</col>
          <row>0</row>
          <type>ConstructionExpectation</type>
                    <actual><![CDATA[OK]]></actual>
                              <expected><![CDATA[Use Calculator]]></expected>
                              <evaluationMessage><![CDATA[pass(Use Calculator)]]></evaluationMessage>
                  </expectation>
        
      </instructionResult>
            <instructionResult>
        <instruction><![CDATA[[scriptTable_1_1, call, scriptTableActor, accept, 34]]]></instruction>
        <slimResult><![CDATA[/__VOID__/]]></slimResult>
                <expectation>
          <status>ignored</status>
          <instructionId>scriptTable_1_1</instructionId>
          <col>1</col>
          <row>1</row>
          <type>ArgumentExpectation</type>
                                        <evaluationMessage><![CDATA[]]></evaluationMessage>
                  </expectation>
                <expectation>
          <status>ignored</status>
          <instructionId>scriptTable_1_1</instructionId>
          <col>0</col>
          <row>1</row>
          <type>ScriptActionExpectation</type>
                    <actual><![CDATA[/__VOID__/]]></actual>
                              <expected><![CDATA[accept]]></expected>
                              <evaluationMessage><![CDATA[accept]]></evaluationMessage>
                  </expectation>
        
      </instructionResult>
            <instructionResult>
        <instruction><![CDATA[[scriptTable_1_2, call, scriptTableActor, enter]]]></instruction>
        <slimResult><![CDATA[/__VOID__/]]></slimResult>
                <expectation>
          <status>ignored</status>
          <instructionId>scriptTable_1_2</instructionId>
          <col>0</col>
          <row>2</row>
          <type>ScriptActionExpectation</type>
                    <actual><![CDATA[/__VOID__/]]></actual>
                              <expected><![CDATA[enter]]></expected>
                              <evaluationMessage><![CDATA[enter]]></evaluationMessage>
                  </expectation>
        
      </instructionResult>
            <instructionResult>
        <instruction><![CDATA[[scriptTable_1_3, call, scriptTableActor, accept, 6]]]></instruction>
        <slimResult><![CDATA[/__VOID__/]]></slimResult>
                <expectation>
          <status>ignored</status>
          <instructionId>scriptTable_1_3</instructionId>
          <col>1</col>
          <row>3</row>
          <type>ArgumentExpectation</type>
                                        <evaluationMessage><![CDATA[]]></evaluationMessage>
                  </expectation>
                <expectation>
          <status>ignored</status>
          <instructionId>scriptTable_1_3</instructionId>
          <col>0</col>
          <row>3</row>
          <type>ScriptActionExpectation</type>
                    <actual><![CDATA[/__VOID__/]]></actual>
                              <expected><![CDATA[accept]]></expected>
                              <evaluationMessage><![CDATA[accept]]></evaluationMessage>
                  </expectation>
        
      </instructionResult>
            <instructionResult>
        <instruction><![CDATA[[scriptTable_1_4, callAndAssign, id, scriptTableActor, getContents]]]></instruction>
        <slimResult><![CDATA[1, 2, 3]]></slimResult>
                <expectation>
          <status>ignored</status>
          <instructionId>scriptTable_1_4</instructionId>
          <col>0</col>
          <row>4</row>
          <type>SymbolAssignmentExpectation</type>
                    <actual><![CDATA[1, 2, 3]]></actual>
                              <expected><![CDATA[$id=]]></expected>
                              <evaluationMessage><![CDATA[$id<-[1, 2, 3]]]></evaluationMessage>
                  </expectation>
        
      </instructionResult>
            <instructionResult>
        <instruction><![CDATA[[scriptTable_1_5, call, scriptTableActor, verifyCalculatorContains, 6, 34]]]></instruction>
        <slimResult><![CDATA[Exception: <a href=#scriptTable_1_5>scriptTable_1_5</a>]]></slimResult>
                <expectation>
          <status>ignored</status>
          <instructionId>scriptTable_1_5</instructionId>
          <col>1</col>
          <row>5</row>
          <type>ArgumentExpectation</type>
                                        <evaluationMessage><![CDATA[]]></evaluationMessage>
                  </expectation>
                <expectation>
          <status>ignored</status>
          <instructionId>scriptTable_1_5</instructionId>
          <col>0</col>
          <row>5</row>
          <type>ScriptActionExpectation</type>
                    <actual><![CDATA[Exception: <a href=#scriptTable_1_5>scriptTable_1_5</a>]]></actual>
                              <expected><![CDATA[verify calculator contains]]></expected>
                              <evaluationMessage><![CDATA[verify calculator contains]]></evaluationMessage>
                  </expectation>
        
      </instructionResult>
      
    </instructions>
    
  </result>
  
  
</testResults>

