<?xml version="1.0"?>
<testResults>
  <FitNesseVersion>v20090513</FitNesseVersion>
  <rootPath>EnterSetReplaceModeTest</rootPath>
  
  <result>
    <counts>
      <right>1</right>
      <wrong>0</wrong>
      <ignores>0</ignores>
      <exceptions>6</exceptions>
    </counts>
    <content><![CDATA[<table border="1" cellspacing="0">
<tr><td>import</td>
</tr>
<tr><td>com.telcordia.cvas.rpn.fixtures</td>
</tr>
</table>
<br/><table border="1" cellspacing="0">
<tr><td>script</td>
<td><span class="pass">Use Calculator</span></td>
</tr>
<tr><td>accept</td>
<td>34</td>
</tr>
<tr><td colspan="2">enter <span class="error">Method enter[0] not found in com.telcordia.cvas.rpn.fixtures.UseCalculator.</span></td>
</tr>
<tr><td>accept</td>
<td>6</td>
</tr>
<tr><td>$id= <span class="error">Method getContents[0] not found in com.telcordia.cvas.rpn.fixtures.UseCalculator.</span></td>
<td>get contents</td>
</tr>
<tr><td>verify calculator contains <span class="error">Method verifyCalculatorContains[1] not found in com.telcordia.cvas.rpn.fixtures.UseCalculator.</span></td>
<td>6, 34</td>
</tr>
</table>
<br/>]]></content>
    <relativePageName>EnterSetReplaceModeTest</relativePageName>
    
        <tables>
            <table>
        <name>import_0</name>
                <row>
                    <col><![CDATA[import]]></col>
          
        </row>
                <row>
                    <col><![CDATA[com.telcordia.cvas.rpn.fixtures]]></col>
          
        </row>
        
      </table>
            <table>
        <name>scriptTable_1</name>
                <row>
                    <col><![CDATA[script]]></col>
                    <col><![CDATA[pass(Use Calculator)]]></col>
          
        </row>
                <row>
                    <col><![CDATA[accept]]></col>
                    <col><![CDATA[34]]></col>
          
        </row>
                <row>
                    <col><![CDATA[enter error(Method enter[0] not found in com.telcordia.cvas.rpn.fixtures.UseCalculator.)]]></col>
          
        </row>
                <row>
                    <col><![CDATA[accept]]></col>
                    <col><![CDATA[6]]></col>
          
        </row>
                <row>
                    <col><![CDATA[$id= error(Method getContents[0] not found in com.telcordia.cvas.rpn.fixtures.UseCalculator.)]]></col>
                    <col><![CDATA[get contents]]></col>
          
        </row>
                <row>
                    <col><![CDATA[verify calculator contains error(Method verifyCalculatorContains[1] not found in com.telcordia.cvas.rpn.fixtures.UseCalculator.)]]></col>
                    <col><![CDATA[6, 34]]></col>
          
        </row>
        
      </table>
      
    </tables>
    
    
    <instructions>
            <instructionResult>
        <instruction><![CDATA[[import_0_0, import, com.telcordia.cvas.rpn.fixtures]]]></instruction>
        <slimResult><![CDATA[OK]]></slimResult>
        
      </instructionResult>
            <instructionResult>
        <instruction><![CDATA[[scriptTable_1_0, make, scriptTableActor, UseCalculator]]]></instruction>
        <slimResult><![CDATA[OK]]></slimResult>
                <expectation>
          <status>right</status>
          <instructionId>scriptTable_1_0</instructionId>
          <col>1</col>
          <row>0</row>
          <type>ConstructionExpectation</type>
                    <actual><![CDATA[OK]]></actual>
                              <expected><![CDATA[Use Calculator]]></expected>
                              <evaluationMessage><![CDATA[pass(Use Calculator)]]></evaluationMessage>
                  </expectation>
        
      </instructionResult>
            <instructionResult>
        <instruction><![CDATA[[scriptTable_1_1, call, scriptTableActor, accept, 34]]]></instruction>
        <slimResult><![CDATA[/__VOID__/]]></slimResult>
                <expectation>
          <status>ignored</status>
          <instructionId>scriptTable_1_1</instructionId>
          <col>1</col>
          <row>1</row>
          <type>ArgumentExpectation</type>
                                        <evaluationMessage><![CDATA[]]></evaluationMessage>
                  </expectation>
                <expectation>
          <status>ignored</status>
          <instructionId>scriptTable_1_1</instructionId>
          <col>0</col>
          <row>1</row>
          <type>ScriptActionExpectation</type>
                    <actual><![CDATA[/__VOID__/]]></actual>
                              <expected><![CDATA[accept]]></expected>
                              <evaluationMessage><![CDATA[accept]]></evaluationMessage>
                  </expectation>
        
      </instructionResult>
            <instructionResult>
        <instruction><![CDATA[[scriptTable_1_2, call, scriptTableActor, enter]]]></instruction>
        <slimResult><![CDATA[!error:Method enter[0] not found in com.telcordia.cvas.rpn.fixtures.UseCalculator.]]></slimResult>
                <expectation>
          <status>ignored</status>
          <instructionId>scriptTable_1_2</instructionId>
          <col>0</col>
          <row>2</row>
          <type>ScriptActionExpectation</type>
                    <actual><![CDATA[!error:Method enter[0] not found in com.telcordia.cvas.rpn.fixtures.UseCalculator.]]></actual>
                              <expected><![CDATA[enter]]></expected>
                              <evaluationMessage><![CDATA[enter error(Method enter[0] not found in com.telcordia.cvas.rpn.fixtures.UseCalculator.)]]></evaluationMessage>
                  </expectation>
        
      </instructionResult>
            <instructionResult>
        <instruction><![CDATA[[scriptTable_1_3, call, scriptTableActor, accept, 6]]]></instruction>
        <slimResult><![CDATA[/__VOID__/]]></slimResult>
                <expectation>
          <status>ignored</status>
          <instructionId>scriptTable_1_3</instructionId>
          <col>1</col>
          <row>3</row>
          <type>ArgumentExpectation</type>
                                        <evaluationMessage><![CDATA[]]></evaluationMessage>
                  </expectation>
                <expectation>
          <status>ignored</status>
          <instructionId>scriptTable_1_3</instructionId>
          <col>0</col>
          <row>3</row>
          <type>ScriptActionExpectation</type>
                    <actual><![CDATA[/__VOID__/]]></actual>
                              <expected><![CDATA[accept]]></expected>
                              <evaluationMessage><![CDATA[accept]]></evaluationMessage>
                  </expectation>
        
      </instructionResult>
            <instructionResult>
        <instruction><![CDATA[[scriptTable_1_4, callAndAssign, id, scriptTableActor, getContents]]]></instruction>
        <slimResult><![CDATA[!error:Method getContents[0] not found in com.telcordia.cvas.rpn.fixtures.UseCalculator.]]></slimResult>
                <expectation>
          <status>ignored</status>
          <instructionId>scriptTable_1_4</instructionId>
          <col>0</col>
          <row>4</row>
          <type>SymbolAssignmentExpectation</type>
                    <actual><![CDATA[!error:Method getContents[0] not found in com.telcordia.cvas.rpn.fixtures.UseCalculator.]]></actual>
                              <expected><![CDATA[$id=]]></expected>
                              <evaluationMessage><![CDATA[$id= error(Method getContents[0] not found in com.telcordia.cvas.rpn.fixtures.UseCalculator.)]]></evaluationMessage>
                  </expectation>
        
      </instructionResult>
            <instructionResult>
        <instruction><![CDATA[[scriptTable_1_5, call, scriptTableActor, verifyCalculatorContains, 6, 34]]]></instruction>
        <slimResult><![CDATA[!error:Method verifyCalculatorContains[1] not found in com.telcordia.cvas.rpn.fixtures.UseCalculator.]]></slimResult>
                <expectation>
          <status>ignored</status>
          <instructionId>scriptTable_1_5</instructionId>
          <col>1</col>
          <row>5</row>
          <type>ArgumentExpectation</type>
                                        <evaluationMessage><![CDATA[]]></evaluationMessage>
                  </expectation>
                <expectation>
          <status>ignored</status>
          <instructionId>scriptTable_1_5</instructionId>
          <col>0</col>
          <row>5</row>
          <type>ScriptActionExpectation</type>
                    <actual><![CDATA[!error:Method verifyCalculatorContains[1] not found in com.telcordia.cvas.rpn.fixtures.UseCalculator.]]></actual>
                              <expected><![CDATA[verify calculator contains]]></expected>
                              <evaluationMessage><![CDATA[verify calculator contains error(Method verifyCalculatorContains[1] not found in com.telcordia.cvas.rpn.fixtures.UseCalculator.)]]></evaluationMessage>
                  </expectation>
        
      </instructionResult>
      
    </instructions>
    
  </result>
  
  
</testResults>

