<?xml version="1.0" encoding="UTF-8" ?>
<!DOCTYPE log4j:configuration SYSTEM "log4j.dtd">

<log4j:configuration xmlns:log4j="http://jakarta.apache.org/log4j/">

	<appender name="ConsoleApp" class="org.apache.log4j.ConsoleAppender">
		<layout class="org.apache.log4j.PatternLayout" >
			<param name="ConversionPattern" value="%d{yyyy/MM/dd HH:mm:ss,SSS} %-5p %c %m [%t]%n" />
		</layout>
	</appender>

	<logger name="org.springframework.jdbc.datasource.DriverManagerDataSource" additivity="false">
		<appender-ref ref="ConsoleApp" />
	</logger>
	
	<root>
		<priority value="error"/>
		<appender-ref ref="ConsoleApp" />
	</root>	
	
</log4j:configuration>