<?xml version="1.0"?>
<testResults>
  <FitNesseVersion>v20090513</FitNesseVersion>
  <rootPath>BinaryOperatorTests</rootPath>
  
  <result>
    <counts>
      <right>3</right>
      <wrong>0</wrong>
      <ignores>0</ignores>
      <exceptions>0</exceptions>
    </counts>
    <content><![CDATA[<br/><div class="setup">
	<div style="float: right;" class="meta"><a href="javascript:expandAll();">Expand All</a> | <a href="javascript:collapseAll();">Collapse All</a></div>
	<a href="javascript:toggleCollapsable('4395548448578029376');">
		<img src="/files/images/collapsableClosed.gif" class="left" id="img4395548448578029376"/>
	</a>
&nbsp;<span class="meta">Set Up: <a href="RpnCalculatorSuite.SetUp">.RpnCalculatorSuite.SetUp</a> <a href="RpnCalculatorSuite.SetUp?edit&amp;redirectToReferer=true&amp;redirectAction=">(edit)</a></span>
	<div class="hidden" id="4395548448578029376"><table border="1" cellspacing="0">
<tr><td>import</td>
</tr>
<tr><td>com.telcordia.cvas.rpn.fixtures</td>
</tr>
</table>
</div>
</div>
<table border="1" cellspacing="0">
<tr><td colspan="4"><span class="pass">Binary Opertor Tests</span></td>
</tr>
<tr><td>operand1</td>
<td>operand2</td>
<td>operator</td>
<td>result?</td>
</tr>
<tr><td>3</td>
<td>5</td>
<td>+</td>
<td><span class="pass">8</span></td>
</tr>
<tr><td>8</td>
<td>3</td>
<td>-</td>
<td><span class="pass">5</span></td>
</tr>
</table>
]]></content>
    <relativePageName>BinaryOperatorTests</relativePageName>
    
        <tables>
            <table>
        <name>import_0</name>
                <row>
                    <col><![CDATA[import]]></col>
          
        </row>
                <row>
                    <col><![CDATA[com.telcordia.cvas.rpn.fixtures]]></col>
          
        </row>
        
      </table>
            <table>
        <name>decisionTable_1</name>
                <row>
                    <col><![CDATA[pass(Binary Opertor Tests)]]></col>
          
        </row>
                <row>
                    <col><![CDATA[operand1]]></col>
                    <col><![CDATA[operand2]]></col>
                    <col><![CDATA[operator]]></col>
                    <col><![CDATA[result?]]></col>
          
        </row>
                <row>
                    <col><![CDATA[3]]></col>
                    <col><![CDATA[5]]></col>
                    <col><![CDATA[+]]></col>
                    <col><![CDATA[pass(8)]]></col>
          
        </row>
                <row>
                    <col><![CDATA[8]]></col>
                    <col><![CDATA[3]]></col>
                    <col><![CDATA[-]]></col>
                    <col><![CDATA[pass(5)]]></col>
          
        </row>
        
      </table>
      
    </tables>
    
    
    <instructions>
            <instructionResult>
        <instruction><![CDATA[[import_0_0, import, com.telcordia.cvas.rpn.fixtures]]]></instruction>
        <slimResult><![CDATA[OK]]></slimResult>
        
      </instructionResult>
            <instructionResult>
        <instruction><![CDATA[[decisionTable_1_0, make, decisionTable_1, BinaryOpertorTests]]]></instruction>
        <slimResult><![CDATA[OK]]></slimResult>
                <expectation>
          <status>right</status>
          <instructionId>decisionTable_1_0</instructionId>
          <col>0</col>
          <row>0</row>
          <type>ConstructionExpectation</type>
                    <actual><![CDATA[OK]]></actual>
                              <expected><![CDATA[Binary Opertor Tests]]></expected>
                              <evaluationMessage><![CDATA[pass(Binary Opertor Tests)]]></evaluationMessage>
                  </expectation>
        
      </instructionResult>
            <instructionResult>
        <instruction><![CDATA[[decisionTable_1_1, call, decisionTable_1, table, [[operand1, operand2, operator, result?], [3, 5, +, 8], [8, 3, -, 5]]]]]></instruction>
        <slimResult><![CDATA[__EXCEPTION__:fitnesse.slim.SlimError: message:<<NO_METHOD_IN_CLASS table[1] com.telcordia.cvas.rpn.fixtures.BinaryOpertorTests.>>
	at fitnesse.slim.StatementExecutor.findMatchingMethod(StatementExecutor.java:246)
	at fitnesse.slim.StatementExecutor.tryToInvokeMethod(StatementExecutor.java:218)
	at fitnesse.slim.StatementExecutor.call(StatementExecutor.java:146)
	at fitnesse.slim.Statement.callMethodAtIndex(Statement.java:97)
	at fitnesse.slim.Statement.call(Statement.java:90)
	at fitnesse.slim.Statement.execute(Statement.java:70)
	at fitnesse.slim.ListExecutor.execute(ListExecutor.java:34)
	at fitnesse.slim.SlimServer.executeInstructions(SlimServer.java:94)
	at fitnesse.slim.SlimServer.processTheInstructions(SlimServer.java:79)
	at fitnesse.slim.SlimServer.processOneSetOfInstructions(SlimServer.java:70)
	at fitnesse.slim.SlimServer.tryProcessInstructions(SlimServer.java:56)
	at fitnesse.slim.SlimServer.serve(SlimServer.java:32)
	at fitnesse.socketservice.SocketService$ServerRunner.run(SocketService.java:88)
	at java.lang.Thread.run(Unknown Source)
]]></slimResult>
        
      </instructionResult>
            <instructionResult>
        <instruction><![CDATA[[decisionTable_1_2, call, decisionTable_1, reset]]]></instruction>
        <slimResult><![CDATA[__EXCEPTION__:fitnesse.slim.SlimError: message:<<NO_METHOD_IN_CLASS reset[0] com.telcordia.cvas.rpn.fixtures.BinaryOpertorTests.>>
	at fitnesse.slim.StatementExecutor.findMatchingMethod(StatementExecutor.java:246)
	at fitnesse.slim.StatementExecutor.tryToInvokeMethod(StatementExecutor.java:218)
	at fitnesse.slim.StatementExecutor.call(StatementExecutor.java:146)
	at fitnesse.slim.Statement.callMethodAtIndex(Statement.java:97)
	at fitnesse.slim.Statement.call(Statement.java:90)
	at fitnesse.slim.Statement.execute(Statement.java:70)
	at fitnesse.slim.ListExecutor.execute(ListExecutor.java:34)
	at fitnesse.slim.SlimServer.executeInstructions(SlimServer.java:94)
	at fitnesse.slim.SlimServer.processTheInstructions(SlimServer.java:79)
	at fitnesse.slim.SlimServer.processOneSetOfInstructions(SlimServer.java:70)
	at fitnesse.slim.SlimServer.tryProcessInstructions(SlimServer.java:56)
	at fitnesse.slim.SlimServer.serve(SlimServer.java:32)
	at fitnesse.socketservice.SocketService$ServerRunner.run(SocketService.java:88)
	at java.lang.Thread.run(Unknown Source)
]]></slimResult>
        
      </instructionResult>
            <instructionResult>
        <instruction><![CDATA[[decisionTable_1_3, call, decisionTable_1, setOperand1, 3]]]></instruction>
        <slimResult><![CDATA[/__VOID__/]]></slimResult>
                <expectation>
          <status>ignored</status>
          <instructionId>decisionTable_1_3</instructionId>
          <col>0</col>
          <row>2</row>
          <type>VoidReturnExpectation</type>
                    <actual><![CDATA[/__VOID__/]]></actual>
                              <expected><![CDATA[3]]></expected>
                              <evaluationMessage><![CDATA[3]]></evaluationMessage>
                  </expectation>
        
      </instructionResult>
            <instructionResult>
        <instruction><![CDATA[[decisionTable_1_4, call, decisionTable_1, setOperand2, 5]]]></instruction>
        <slimResult><![CDATA[/__VOID__/]]></slimResult>
                <expectation>
          <status>ignored</status>
          <instructionId>decisionTable_1_4</instructionId>
          <col>1</col>
          <row>2</row>
          <type>VoidReturnExpectation</type>
                    <actual><![CDATA[/__VOID__/]]></actual>
                              <expected><![CDATA[5]]></expected>
                              <evaluationMessage><![CDATA[5]]></evaluationMessage>
                  </expectation>
        
      </instructionResult>
            <instructionResult>
        <instruction><![CDATA[[decisionTable_1_5, call, decisionTable_1, setOperator, +]]]></instruction>
        <slimResult><![CDATA[/__VOID__/]]></slimResult>
                <expectation>
          <status>ignored</status>
          <instructionId>decisionTable_1_5</instructionId>
          <col>2</col>
          <row>2</row>
          <type>VoidReturnExpectation</type>
                    <actual><![CDATA[/__VOID__/]]></actual>
                              <expected><![CDATA[+]]></expected>
                              <evaluationMessage><![CDATA[+]]></evaluationMessage>
                  </expectation>
        
      </instructionResult>
            <instructionResult>
        <instruction><![CDATA[[decisionTable_1_6, call, decisionTable_1, execute]]]></instruction>
        <slimResult><![CDATA[__EXCEPTION__:fitnesse.slim.SlimError: message:<<NO_METHOD_IN_CLASS execute[0] com.telcordia.cvas.rpn.fixtures.BinaryOpertorTests.>>
	at fitnesse.slim.StatementExecutor.findMatchingMethod(StatementExecutor.java:246)
	at fitnesse.slim.StatementExecutor.tryToInvokeMethod(StatementExecutor.java:218)
	at fitnesse.slim.StatementExecutor.call(StatementExecutor.java:146)
	at fitnesse.slim.Statement.callMethodAtIndex(Statement.java:97)
	at fitnesse.slim.Statement.call(Statement.java:90)
	at fitnesse.slim.Statement.execute(Statement.java:70)
	at fitnesse.slim.ListExecutor.execute(ListExecutor.java:34)
	at fitnesse.slim.SlimServer.executeInstructions(SlimServer.java:94)
	at fitnesse.slim.SlimServer.processTheInstructions(SlimServer.java:79)
	at fitnesse.slim.SlimServer.processOneSetOfInstructions(SlimServer.java:70)
	at fitnesse.slim.SlimServer.tryProcessInstructions(SlimServer.java:56)
	at fitnesse.slim.SlimServer.serve(SlimServer.java:32)
	at fitnesse.socketservice.SocketService$ServerRunner.run(SocketService.java:88)
	at java.lang.Thread.run(Unknown Source)
]]></slimResult>
        
      </instructionResult>
            <instructionResult>
        <instruction><![CDATA[[decisionTable_1_7, call, decisionTable_1, result]]]></instruction>
        <slimResult><![CDATA[8]]></slimResult>
                <expectation>
          <status>right</status>
          <instructionId>decisionTable_1_7</instructionId>
          <col>3</col>
          <row>2</row>
          <type>ReturnedValueExpectation</type>
                    <actual><![CDATA[8]]></actual>
                              <expected><![CDATA[8]]></expected>
                              <evaluationMessage><![CDATA[pass(8)]]></evaluationMessage>
                  </expectation>
        
      </instructionResult>
            <instructionResult>
        <instruction><![CDATA[[decisionTable_1_8, call, decisionTable_1, reset]]]></instruction>
        <slimResult><![CDATA[__EXCEPTION__:fitnesse.slim.SlimError: message:<<NO_METHOD_IN_CLASS reset[0] com.telcordia.cvas.rpn.fixtures.BinaryOpertorTests.>>
	at fitnesse.slim.StatementExecutor.findMatchingMethod(StatementExecutor.java:246)
	at fitnesse.slim.StatementExecutor.tryToInvokeMethod(StatementExecutor.java:218)
	at fitnesse.slim.StatementExecutor.call(StatementExecutor.java:146)
	at fitnesse.slim.Statement.callMethodAtIndex(Statement.java:97)
	at fitnesse.slim.Statement.call(Statement.java:90)
	at fitnesse.slim.Statement.execute(Statement.java:70)
	at fitnesse.slim.ListExecutor.execute(ListExecutor.java:34)
	at fitnesse.slim.SlimServer.executeInstructions(SlimServer.java:94)
	at fitnesse.slim.SlimServer.processTheInstructions(SlimServer.java:79)
	at fitnesse.slim.SlimServer.processOneSetOfInstructions(SlimServer.java:70)
	at fitnesse.slim.SlimServer.tryProcessInstructions(SlimServer.java:56)
	at fitnesse.slim.SlimServer.serve(SlimServer.java:32)
	at fitnesse.socketservice.SocketService$ServerRunner.run(SocketService.java:88)
	at java.lang.Thread.run(Unknown Source)
]]></slimResult>
        
      </instructionResult>
            <instructionResult>
        <instruction><![CDATA[[decisionTable_1_9, call, decisionTable_1, setOperand1, 8]]]></instruction>
        <slimResult><![CDATA[/__VOID__/]]></slimResult>
                <expectation>
          <status>ignored</status>
          <instructionId>decisionTable_1_9</instructionId>
          <col>0</col>
          <row>3</row>
          <type>VoidReturnExpectation</type>
                    <actual><![CDATA[/__VOID__/]]></actual>
                              <expected><![CDATA[8]]></expected>
                              <evaluationMessage><![CDATA[8]]></evaluationMessage>
                  </expectation>
        
      </instructionResult>
            <instructionResult>
        <instruction><![CDATA[[decisionTable_1_10, call, decisionTable_1, setOperand2, 3]]]></instruction>
        <slimResult><![CDATA[/__VOID__/]]></slimResult>
                <expectation>
          <status>ignored</status>
          <instructionId>decisionTable_1_10</instructionId>
          <col>1</col>
          <row>3</row>
          <type>VoidReturnExpectation</type>
                    <actual><![CDATA[/__VOID__/]]></actual>
                              <expected><![CDATA[3]]></expected>
                              <evaluationMessage><![CDATA[3]]></evaluationMessage>
                  </expectation>
        
      </instructionResult>
            <instructionResult>
        <instruction><![CDATA[[decisionTable_1_11, call, decisionTable_1, setOperator, -]]]></instruction>
        <slimResult><![CDATA[/__VOID__/]]></slimResult>
                <expectation>
          <status>ignored</status>
          <instructionId>decisionTable_1_11</instructionId>
          <col>2</col>
          <row>3</row>
          <type>VoidReturnExpectation</type>
                    <actual><![CDATA[/__VOID__/]]></actual>
                              <expected><![CDATA[-]]></expected>
                              <evaluationMessage><![CDATA[-]]></evaluationMessage>
                  </expectation>
        
      </instructionResult>
            <instructionResult>
        <instruction><![CDATA[[decisionTable_1_12, call, decisionTable_1, execute]]]></instruction>
        <slimResult><![CDATA[__EXCEPTION__:fitnesse.slim.SlimError: message:<<NO_METHOD_IN_CLASS execute[0] com.telcordia.cvas.rpn.fixtures.BinaryOpertorTests.>>
	at fitnesse.slim.StatementExecutor.findMatchingMethod(StatementExecutor.java:246)
	at fitnesse.slim.StatementExecutor.tryToInvokeMethod(StatementExecutor.java:218)
	at fitnesse.slim.StatementExecutor.call(StatementExecutor.java:146)
	at fitnesse.slim.Statement.callMethodAtIndex(Statement.java:97)
	at fitnesse.slim.Statement.call(Statement.java:90)
	at fitnesse.slim.Statement.execute(Statement.java:70)
	at fitnesse.slim.ListExecutor.execute(ListExecutor.java:34)
	at fitnesse.slim.SlimServer.executeInstructions(SlimServer.java:94)
	at fitnesse.slim.SlimServer.processTheInstructions(SlimServer.java:79)
	at fitnesse.slim.SlimServer.processOneSetOfInstructions(SlimServer.java:70)
	at fitnesse.slim.SlimServer.tryProcessInstructions(SlimServer.java:56)
	at fitnesse.slim.SlimServer.serve(SlimServer.java:32)
	at fitnesse.socketservice.SocketService$ServerRunner.run(SocketService.java:88)
	at java.lang.Thread.run(Unknown Source)
]]></slimResult>
        
      </instructionResult>
            <instructionResult>
        <instruction><![CDATA[[decisionTable_1_13, call, decisionTable_1, result]]]></instruction>
        <slimResult><![CDATA[5]]></slimResult>
                <expectation>
          <status>right</status>
          <instructionId>decisionTable_1_13</instructionId>
          <col>3</col>
          <row>3</row>
          <type>ReturnedValueExpectation</type>
                    <actual><![CDATA[5]]></actual>
                              <expected><![CDATA[5]]></expected>
                              <evaluationMessage><![CDATA[pass(5)]]></evaluationMessage>
                  </expectation>
        
      </instructionResult>
      
    </instructions>
    
  </result>
  
  
</testResults>

