<?xml version="1.0"?>
<testResults>
  <FitNesseVersion>v20090513</FitNesseVersion>
  <rootPath>BinaryOperatorTests</rootPath>
  
  <result>
    <counts>
      <right>0</right>
      <wrong>0</wrong>
      <ignores>0</ignores>
      <exceptions>23</exceptions>
    </counts>
    <content><![CDATA[<br/><div class="setup">
	<div style="float: right;" class="meta"><a href="javascript:expandAll();">Expand All</a> | <a href="javascript:collapseAll();">Collapse All</a></div>
	<a href="javascript:toggleCollapsable('5700395945007266530');">
		<img src="/files/images/collapsableClosed.gif" class="left" id="img5700395945007266530"/>
	</a>
&nbsp;<span class="meta">Set Up: <a href="RpnCalculatorSuite.SetUp">.RpnCalculatorSuite.SetUp</a> <a href="RpnCalculatorSuite.SetUp?edit&amp;redirectToReferer=true&amp;redirectAction=">(edit)</a></span>
	<div class="hidden" id="5700395945007266530"><table border="1" cellspacing="0">
<tr><td>import</td>
</tr>
<tr><td>com.telcordia.cvas.rpn.fixtures</td>
</tr>
</table>
</div>
</div>
<table border="1" cellspacing="0">
<tr><td colspan="4">Binary Opertor Tests <span class="error">Could not invoke constructor for BinaryOpertorTests[0]</span></td>
</tr>
<tr><td>operand1</td>
<td>operand2</td>
<td>operator</td>
<td>result?</td>
</tr>
<tr><td>3 <span class="error">The instance decisionTable_1. does not exist</span></td>
<td>5 <span class="error">The instance decisionTable_1. does not exist</span></td>
<td>+ <span class="error">The instance decisionTable_1. does not exist</span></td>
<td>8 <span class="error">The instance decisionTable_1. does not exist</span></td>
</tr>
<tr><td>8 <span class="error">The instance decisionTable_1. does not exist</span></td>
<td>3 <span class="error">The instance decisionTable_1. does not exist</span></td>
<td>- <span class="error">The instance decisionTable_1. does not exist</span></td>
<td>5 <span class="error">The instance decisionTable_1. does not exist</span></td>
</tr>
</table>
]]></content>
    <relativePageName>BinaryOperatorTests</relativePageName>
    
        <tables>
            <table>
        <name>import_0</name>
                <row>
                    <col><![CDATA[import]]></col>
          
        </row>
                <row>
                    <col><![CDATA[com.telcordia.cvas.rpn.fixtures]]></col>
          
        </row>
        
      </table>
            <table>
        <name>decisionTable_1</name>
                <row>
                    <col><![CDATA[Binary Opertor Tests error(Could not invoke constructor for BinaryOpertorTests[0])]]></col>
          
        </row>
                <row>
                    <col><![CDATA[operand1]]></col>
                    <col><![CDATA[operand2]]></col>
                    <col><![CDATA[operator]]></col>
                    <col><![CDATA[result?]]></col>
          
        </row>
                <row>
                    <col><![CDATA[3 error(The instance decisionTable_1. does not exist)]]></col>
                    <col><![CDATA[5 error(The instance decisionTable_1. does not exist)]]></col>
                    <col><![CDATA[+ error(The instance decisionTable_1. does not exist)]]></col>
                    <col><![CDATA[8 error(The instance decisionTable_1. does not exist)]]></col>
          
        </row>
                <row>
                    <col><![CDATA[8 error(The instance decisionTable_1. does not exist)]]></col>
                    <col><![CDATA[3 error(The instance decisionTable_1. does not exist)]]></col>
                    <col><![CDATA[- error(The instance decisionTable_1. does not exist)]]></col>
                    <col><![CDATA[5 error(The instance decisionTable_1. does not exist)]]></col>
          
        </row>
        
      </table>
      
    </tables>
    
    
    <instructions>
            <instructionResult>
        <instruction><![CDATA[[import_0_0, import, com.telcordia.cvas.rpn.fixtures]]]></instruction>
        <slimResult><![CDATA[OK]]></slimResult>
        
      </instructionResult>
            <instructionResult>
        <instruction><![CDATA[[decisionTable_1_0, make, decisionTable_1, BinaryOpertorTests]]]></instruction>
        <slimResult><![CDATA[!error:Could not invoke constructor for BinaryOpertorTests[0]]]></slimResult>
                <expectation>
          <status>ignored</status>
          <instructionId>decisionTable_1_0</instructionId>
          <col>0</col>
          <row>0</row>
          <type>ConstructionExpectation</type>
                    <actual><![CDATA[!error:Could not invoke constructor for BinaryOpertorTests[0]]]></actual>
                              <expected><![CDATA[Binary Opertor Tests]]></expected>
                              <evaluationMessage><![CDATA[Binary Opertor Tests error(Could not invoke constructor for BinaryOpertorTests[0])]]></evaluationMessage>
                  </expectation>
        
      </instructionResult>
            <instructionResult>
        <instruction><![CDATA[[decisionTable_1_1, call, decisionTable_1, table, [[operand1, operand2, operator, result?], [3, 5, +, 8], [8, 3, -, 5]]]]]></instruction>
        <slimResult><![CDATA[!error:The instance decisionTable_1. does not exist]]></slimResult>
        
      </instructionResult>
            <instructionResult>
        <instruction><![CDATA[[decisionTable_1_2, call, decisionTable_1, reset]]]></instruction>
        <slimResult><![CDATA[!error:The instance decisionTable_1. does not exist]]></slimResult>
        
      </instructionResult>
            <instructionResult>
        <instruction><![CDATA[[decisionTable_1_3, call, decisionTable_1, setOperand1, 3]]]></instruction>
        <slimResult><![CDATA[!error:The instance decisionTable_1. does not exist]]></slimResult>
                <expectation>
          <status>ignored</status>
          <instructionId>decisionTable_1_3</instructionId>
          <col>0</col>
          <row>2</row>
          <type>VoidReturnExpectation</type>
                    <actual><![CDATA[!error:The instance decisionTable_1. does not exist]]></actual>
                              <expected><![CDATA[3]]></expected>
                              <evaluationMessage><![CDATA[3 error(The instance decisionTable_1. does not exist)]]></evaluationMessage>
                  </expectation>
        
      </instructionResult>
            <instructionResult>
        <instruction><![CDATA[[decisionTable_1_4, call, decisionTable_1, setOperand2, 5]]]></instruction>
        <slimResult><![CDATA[!error:The instance decisionTable_1. does not exist]]></slimResult>
                <expectation>
          <status>ignored</status>
          <instructionId>decisionTable_1_4</instructionId>
          <col>1</col>
          <row>2</row>
          <type>VoidReturnExpectation</type>
                    <actual><![CDATA[!error:The instance decisionTable_1. does not exist]]></actual>
                              <expected><![CDATA[5]]></expected>
                              <evaluationMessage><![CDATA[5 error(The instance decisionTable_1. does not exist)]]></evaluationMessage>
                  </expectation>
        
      </instructionResult>
            <instructionResult>
        <instruction><![CDATA[[decisionTable_1_5, call, decisionTable_1, setOperator, +]]]></instruction>
        <slimResult><![CDATA[!error:The instance decisionTable_1. does not exist]]></slimResult>
                <expectation>
          <status>ignored</status>
          <instructionId>decisionTable_1_5</instructionId>
          <col>2</col>
          <row>2</row>
          <type>VoidReturnExpectation</type>
                    <actual><![CDATA[!error:The instance decisionTable_1. does not exist]]></actual>
                              <expected><![CDATA[+]]></expected>
                              <evaluationMessage><![CDATA[+ error(The instance decisionTable_1. does not exist)]]></evaluationMessage>
                  </expectation>
        
      </instructionResult>
            <instructionResult>
        <instruction><![CDATA[[decisionTable_1_6, call, decisionTable_1, execute]]]></instruction>
        <slimResult><![CDATA[!error:The instance decisionTable_1. does not exist]]></slimResult>
        
      </instructionResult>
            <instructionResult>
        <instruction><![CDATA[[decisionTable_1_7, call, decisionTable_1, result]]]></instruction>
        <slimResult><![CDATA[!error:The instance decisionTable_1. does not exist]]></slimResult>
                <expectation>
          <status>ignored</status>
          <instructionId>decisionTable_1_7</instructionId>
          <col>3</col>
          <row>2</row>
          <type>ReturnedValueExpectation</type>
                    <actual><![CDATA[!error:The instance decisionTable_1. does not exist]]></actual>
                              <expected><![CDATA[8]]></expected>
                              <evaluationMessage><![CDATA[8 error(The instance decisionTable_1. does not exist)]]></evaluationMessage>
                  </expectation>
        
      </instructionResult>
            <instructionResult>
        <instruction><![CDATA[[decisionTable_1_8, call, decisionTable_1, reset]]]></instruction>
        <slimResult><![CDATA[!error:The instance decisionTable_1. does not exist]]></slimResult>
        
      </instructionResult>
            <instructionResult>
        <instruction><![CDATA[[decisionTable_1_9, call, decisionTable_1, setOperand1, 8]]]></instruction>
        <slimResult><![CDATA[!error:The instance decisionTable_1. does not exist]]></slimResult>
                <expectation>
          <status>ignored</status>
          <instructionId>decisionTable_1_9</instructionId>
          <col>0</col>
          <row>3</row>
          <type>VoidReturnExpectation</type>
                    <actual><![CDATA[!error:The instance decisionTable_1. does not exist]]></actual>
                              <expected><![CDATA[8]]></expected>
                              <evaluationMessage><![CDATA[8 error(The instance decisionTable_1. does not exist)]]></evaluationMessage>
                  </expectation>
        
      </instructionResult>
            <instructionResult>
        <instruction><![CDATA[[decisionTable_1_10, call, decisionTable_1, setOperand2, 3]]]></instruction>
        <slimResult><![CDATA[!error:The instance decisionTable_1. does not exist]]></slimResult>
                <expectation>
          <status>ignored</status>
          <instructionId>decisionTable_1_10</instructionId>
          <col>1</col>
          <row>3</row>
          <type>VoidReturnExpectation</type>
                    <actual><![CDATA[!error:The instance decisionTable_1. does not exist]]></actual>
                              <expected><![CDATA[3]]></expected>
                              <evaluationMessage><![CDATA[3 error(The instance decisionTable_1. does not exist)]]></evaluationMessage>
                  </expectation>
        
      </instructionResult>
            <instructionResult>
        <instruction><![CDATA[[decisionTable_1_11, call, decisionTable_1, setOperator, -]]]></instruction>
        <slimResult><![CDATA[!error:The instance decisionTable_1. does not exist]]></slimResult>
                <expectation>
          <status>ignored</status>
          <instructionId>decisionTable_1_11</instructionId>
          <col>2</col>
          <row>3</row>
          <type>VoidReturnExpectation</type>
                    <actual><![CDATA[!error:The instance decisionTable_1. does not exist]]></actual>
                              <expected><![CDATA[-]]></expected>
                              <evaluationMessage><![CDATA[- error(The instance decisionTable_1. does not exist)]]></evaluationMessage>
                  </expectation>
        
      </instructionResult>
            <instructionResult>
        <instruction><![CDATA[[decisionTable_1_12, call, decisionTable_1, execute]]]></instruction>
        <slimResult><![CDATA[!error:The instance decisionTable_1. does not exist]]></slimResult>
        
      </instructionResult>
            <instructionResult>
        <instruction><![CDATA[[decisionTable_1_13, call, decisionTable_1, result]]]></instruction>
        <slimResult><![CDATA[!error:The instance decisionTable_1. does not exist]]></slimResult>
                <expectation>
          <status>ignored</status>
          <instructionId>decisionTable_1_13</instructionId>
          <col>3</col>
          <row>3</row>
          <type>ReturnedValueExpectation</type>
                    <actual><![CDATA[!error:The instance decisionTable_1. does not exist]]></actual>
                              <expected><![CDATA[5]]></expected>
                              <evaluationMessage><![CDATA[5 error(The instance decisionTable_1. does not exist)]]></evaluationMessage>
                  </expectation>
        
      </instructionResult>
      
    </instructions>
    
  </result>
  
  
</testResults>

